id;name;host_id;host_name;neighbourhood;latitude;longitude;room_type;price;minimum_nights;number_of_reviews;last_review;reviews_per_month;calculated_host_listings_count;availability_365;neighbourhood_group
2539;Clean & quiet apt home by the park;2787;John;Kensington;40.64749000000001;-73.97237;Private room;149;1;9;2018-10-19;0.21;6;365;Brooklyn
2595;Skylit Midtown Castle;2845;Jennifer;Midtown;40.75362;-73.98376999999998;Entire home/apt;225;1;45;2019-05-21;0.38;2;355;Manhattan
3831;Cozy Entire Floor of Brownstone;4869;LisaRoxanne;Clinton Hill;40.68514;-73.95976;Entire home/apt;89;1;270;2019-07-05;4.64;1;194;Brooklyn
5022;Entire Apt: Spacious Studio/Loft by central park;7192;Laura;East Harlem;40.79851;-73.94399;Entire home/apt;80;10;9;2018-11-19;0.1;1;0;Manhattan
5099;Large Cozy 1 BR Apartment In Midtown East;7322;Chris;Murray Hill;40.74767;-73.975;Entire home/apt;200;3;74;2019-06-22;0.59;1;129;Manhattan
5121;BlissArtsSpace!;7356;Garon;Bedford-Stuyvesant;40.68688;-73.95596;Private room;60;45;49;2017-10-05;0.4;1;0;Brooklyn
5178;Large Furnished Room Near B'way ;8967;Shunichi;Hell's Kitchen;40.76489;-73.98493;Private room;79;2;430;2019-06-24;3.47;1;220;Manhattan
5203;Cozy Clean Guest Room - Family Apt;7490;MaryEllen;Upper West Side;40.80178;-73.96723;Private room;79;2;118;2017-07-21;0.99;1;0;Manhattan
5238;Cute & Cozy Lower East Side 1 bdrm;7549;Ben;Chinatown;40.71344000000001;-73.99037;Entire home/apt;150;1;160;2019-06-09;1.33;4;188;Manhattan
5295;Beautiful 1br on Upper West Side;7702;Lena;Upper West Side;40.80316;-73.96545;Entire home/apt;135;5;53;2019-06-22;0.43;1;6;Manhattan
5441;Central Manhattan/near Broadway;7989;Kate;Hell's Kitchen;40.76076;-73.98867;Private room;85;2;188;2019-06-23;1.5;1;39;Manhattan
6021;Wonderful Guest Bedroom in Manhattan for SINGLES;11528;Claudio;Upper West Side;40.79826;-73.96113000000003;Private room;85;2;113;2019-07-05;0.91;1;333;Manhattan
6090;West Village Nest - Superhost;11975;Alina;West Village;40.7353;-74.00525;Entire home/apt;120;90;27;2018-10-31;0.22;1;0;Manhattan
6848;Only 2 stops to Manhattan studio;15991;Allen & Irina;Williamsburg;40.70837;-73.95352;Entire home/apt;140;2;148;2019-06-29;1.2;1;46;Brooklyn
7097;Perfect for Your Parents + Garden;17571;Jane;Fort Greene;40.69169;-73.97185;Entire home/apt;215;2;198;2019-06-28;1.72;1;321;Brooklyn
7322;Chelsea Perfect;18946;Doti;Chelsea;40.74192;-73.99501;Private room;140;1;260;2019-07-01;2.12;1;12;Manhattan
7726;Hip Historic Brownstone Apartment with Backyard;20950;Adam And Charity;Crown Heights;40.67592;-73.94694;Entire home/apt;99;3;53;2019-06-22;4.44;1;21;Brooklyn
7801;Sweet and Spacious Brooklyn Loft;21207;Chaya;Williamsburg;40.71842;-73.95718000000002;Entire home/apt;299;3;9;2011-12-28;0.07;1;0;Brooklyn
8024;CBG CtyBGd HelpsHaiti rm#1:1-4;22486;Lisel;Park Slope;40.68069000000001;-73.97706;Private room;130;2;130;2019-07-01;1.09;6;347;Brooklyn
8025;CBG Helps Haiti Room#2.5;22486;Lisel;Park Slope;40.67989;-73.97798;Private room;80;1;39;2019-01-01;0.37;6;364;Brooklyn
8110;CBG Helps Haiti Rm #2;22486;Lisel;Park Slope;40.68001;-73.97865;Private room;110;2;71;2019-07-02;0.61;6;304;Brooklyn
8505;Sunny Bedroom Across Prospect Park;25326;Gregory;Windsor Terrace;40.65599;-73.97519;Private room;60;1;19;2019-06-23;1.37;2;85;Brooklyn
9357;Midtown Pied-a-terre;30193;Tommi;Hell's Kitchen;40.76715;-73.98533;Entire home/apt;150;10;58;2017-08-13;0.49;1;75;Manhattan
9657;Modern 1 BR / NYC / EAST VILLAGE;21904;Dana;East Village;40.7292;-73.98541999999998;Entire home/apt;180;14;29;2019-04-19;0.24;1;67;Manhattan
9668;front room/double bed;32294;Ssameer Or Trip;Harlem;40.82245;-73.95104;Private room;50;3;242;2019-06-01;2.04;3;355;Manhattan
9704;Spacious 1 bedroom in luxe building;32045;Teri;Harlem;40.81305;-73.95466;Private room;52;2;88;2019-06-14;1.42;1;255;Manhattan
9782;Loft in Williamsburg Area w/ Roof;32169;Andrea;Greenpoint;40.72219000000001;-73.93762;Private room;55;4;197;2019-06-15;1.65;3;284;Brooklyn
9783;back room/bunk beds;32294;Ssameer Or Trip;Harlem;40.8213;-73.95318;Private room;50;3;273;2019-07-01;2.37;3;359;Manhattan
10452;Large B&B Style rooms;35935;Angela;Bedford-Stuyvesant;40.6831;-73.95473;Private room;70;1;74;2019-05-12;0.66;2;269;Brooklyn
11708;Cute apt in artist's home;44145;Tyrome;Bushwick;40.70186;-73.92745;Entire home/apt;85;2;231;2019-06-22;1.96;2;22;Brooklyn
12048;LowerEastSide apt share shortterm 1;7549;Ben;Lower East Side;40.71401;-73.98917;Shared room;40;1;214;2019-07-05;1.81;4;188;Manhattan
12192;ENJOY Downtown NYC!;46978;Edward;East Village;40.7229;-73.98199;Private room;68;2;245;2019-06-21;2.08;2;96;Manhattan
12299;Beautiful Sunny Park Slope Brooklyn;47610;Abdul;South Slope;40.66278;-73.97966;Entire home/apt;120;3;15;2019-05-27;0.39;1;345;Brooklyn
12303;1bdr w private bath. in lofty apt;47618;Yolande;Fort Greene;40.69673;-73.97584;Private room;120;7;25;2018-09-30;0.23;1;311;Brooklyn
12318;West Side Retreat;16800;Cyn;Upper West Side;40.79009;-73.97927;Private room;135;4;81;2019-06-16;0.69;1;273;Manhattan
12343;BEST BET IN HARLEM;47727;Earl;Harlem;40.81175;-73.94478000000002;Entire home/apt;150;7;97;2019-06-13;0.84;1;309;Manhattan
12627;Entire apartment in central Brooklyn neighborhood.;49670;Rana;Prospect-Lefferts Gardens;40.65944;-73.96238000000002;Entire home/apt;150;29;11;2019-06-05;0.49;1;95;Brooklyn
12940;Charming Brownstone 3 - Near PRATT;50148;Adreinne;Bedford-Stuyvesant;40.68111;-73.95591;Entire home/apt;110;7;61;2019-05-25;0.52;1;265;Brooklyn
13050;bright and stylish duplex;50846;Jennifer;Bedford-Stuyvesant;40.68554;-73.9409;Entire home/apt;115;3;11;2017-01-01;0.1;1;0;Brooklyn
13394;Fort Greene brownstone ;52335;Alexander;Fort Greene;40.69142;-73.97376;Private room;80;3;135;2019-06-17;1.16;2;192;Brooklyn
13808;Blue Room for 2 in Brownstone for $1350 monthly;54275;JT And Tiziana;Bedford-Stuyvesant;40.68043;-73.93934;Private room;80;1;112;2019-06-16;1.01;3;251;Brooklyn
14287;Cozy 1BD on Central Park West in New York City;56094;Joya;Upper West Side;40.78635;-73.97008000000002;Entire home/apt;151;2;73;2019-07-07;0.63;1;302;Manhattan
14290;* ORIGINAL BROOKLYN LOFT *;56104;James;Williamsburg;40.7042;-73.9356;Entire home/apt;228;3;82;2019-05-17;0.7;1;140;Brooklyn
14314;Greenpoint Place...Has It All! ;56246;Jeanne;Greenpoint;40.73506;-73.95392;Entire home/apt;144;2;328;2019-06-29;2.82;1;234;Brooklyn
14322;Beautiful Apartment in Manhattan!!!;56284;Francesca;Kips Bay;40.73961;-73.98074;Entire home/apt;200;7;19;2019-03-25;0.22;1;257;Manhattan
14377;Williamsburg 1 bedroom Apartment;56512;Joanna;Williamsburg;40.70881;-73.9593;Entire home/apt;150;30;105;2019-06-22;0.9;1;30;Brooklyn
15220;Best Location in NYC! TIMES SQUARE!;59734;Luiz;Hell's Kitchen;40.75531;-73.99293;Private room;69;2;289;2019-06-09;2.49;2;294;Manhattan
15338;Room in Greenpoint Loft w/ Roof;32169;Andrea;Greenpoint;40.72401;-73.93788;Private room;49;4;138;2019-06-04;1.19;3;320;Brooklyn
15341;**Bright Nolita Apt w Doorman/Elevators/Gym**;60049;Ted;SoHo;40.7221;-73.99775;Entire home/apt;180;30;21;2019-06-29;0.3;1;154;Manhattan
15396;Sunny & Spacious Chelsea Apartment;60278;Petra;Chelsea;40.74623;-73.9953;Entire home/apt;375;180;5;2018-11-03;0.12;1;180;Manhattan
15711;2 bedroom - Upper East Side-great for kids;61491;D;Upper East Side;40.77065;-73.95269;Entire home/apt;250;2;66;2019-03-30;0.57;2;231;Manhattan
16326;Comfortable 4-bedroom apt in family house.;63588;Dimitri;Prospect Heights;40.67811;-73.96428;Entire home/apt;200;30;143;2019-01-26;1.33;2;297;Brooklyn
16338;Double Room w Private Deck Clinton Hill Best Area;63613;Patricia;Clinton Hill;40.69;-73.96788000000002;Private room;55;7;27;2017-09-30;0.23;2;292;Brooklyn
16421;Your Heaven in Hells Kitchen;63924;Mark;Hell's Kitchen;40.75979;-73.99119;Private room;52;30;191;2019-05-16;1.65;1;191;Manhattan
16458;Light-filled 2B duplex in the heart of Park Slope!;64056;Sara;Park Slope;40.67343;-73.98338000000003;Entire home/apt;225;3;4;2017-09-24;0.16;1;0;Brooklyn
16595;*HAVEN LOFT - Entire Floor - Six Windows - Bricks*;64522;Daniel;Williamsburg;40.70933;-73.96791999999998;Entire home/apt;275;1;148;2019-06-23;1.4;1;362;Brooklyn
16821;Large Room in Amazing East Village Apt;4396;Casey;East Village;40.72298;-73.98474;Private room;99;1;106;2019-06-21;1.26;2;336;Manhattan
16974;SpaHa Loft: Enormous and Bright;65837;Robin;East Harlem;40.80164;-73.93921999999998;Entire home/apt;225;4;190;2019-06-23;1.64;1;215;Manhattan
17037;Lovely EV Artist's Home;66035;Anna;East Village;40.72162;-73.98008;Entire home/apt;230;9;49;2018-05-14;0.43;1;116;Manhattan
17092;Cool Room in Hell's Kitchen;66243;Enzo;Hell's Kitchen;40.76342;-73.98865;Private room;51;7;23;2019-06-01;0.43;1;88;Manhattan
17747;BLUE TRIM GUEST HOUSE;68599;George;Clinton Hill;40.68346;-73.96374;Private room;105;2;105;2019-06-26;0.92;1;304;Brooklyn
18127;Charming East Village One Bedroom Flat;69829;Josh;East Village;40.72828;-73.98801;Entire home/apt;190;5;21;2019-01-02;0.2;1;224;Manhattan
18152;Manhattan Room;69942;Victoria;Upper East Side;40.76865;-73.95058;Private room;200;1;142;2019-07-06;1.5;1;322;Manhattan
18198;Little King of Queens;70091;Justin;Woodside;40.75038;-73.90334;Private room;70;30;25;2019-05-31;0.22;1;324;Queens
18590;Fort Greene Retreat on the Park;71512;Blaise;Fort Greene;40.6932;-73.97267;Private room;95;3;143;2019-06-16;1.28;1;132;Brooklyn
18728;Beautiful Meatpacking District Loft;71876;DAVID And RICK;Chelsea;40.74138;-74.00197;Private room;150;3;167;2019-05-28;1.65;1;295;Manhattan
18764;Cozy 2 BR in Williamsburg ;72014;Lulú;Williamsburg;40.71154;-73.96112;Private room;145;3;61;2019-04-22;0.54;4;238;Brooklyn
19159;Spacious luminous apt Upper West NYC;73051;Sybilla;Harlem;40.82915;-73.95136;Entire home/apt;110;31;54;2019-03-23;0.49;1;209;Manhattan
19169;Entire 2 Bedroom - Large & Sunny;73128;JoLynn;Lower East Side;40.71851;-73.98892;Entire home/apt;285;5;70;2019-06-30;0.62;1;328;Manhattan
19319;Private room Great Deal at Lower East Side;44263;Ana;Lower East Side;40.7114;-73.98794000000002;Private room;94;30;94;2019-04-08;0.84;1;188;Manhattan
19601;perfect for a family or small group;74303;Maggie;Brooklyn Heights;40.69723;-73.99268000000002;Entire home/apt;800;1;25;2016-08-04;0.24;1;7;Brooklyn
19812;2 bedroom Williamsburg Apt - Bedford L stop;74857;Starlee;Williamsburg;40.71833;-73.95748;Entire home/apt;105;3;61;2018-08-09;0.53;1;272;Brooklyn
20299;Oh glorious spring!;62407;Edward;East Village;40.72334;-73.9844;Private room;60;3;194;2019-06-30;1.73;1;26;Manhattan
20300;Great Location for NYC;76627;Pas;East Village;40.72912;-73.98057;Private room;50;1;2;2016-02-14;0.05;1;0;Manhattan
20611;Cozy Bedroom in Williamsburg 3 BR;72014;Lulú;Williamsburg;40.71156;-73.96218;Private room;85;3;174;2019-06-22;1.54;4;288;Brooklyn
20724;Sunny room+Pvte office in huge loft;961342;Augustin;Bushwick;40.70032;-73.9383;Private room;65;4;24;2019-05-26;0.28;1;317;Brooklyn
20734;Spacious Prospect Heights Apartment;78460;Sean & Lynette;Prospect Heights;40.68233;-73.97261;Entire home/apt;131;4;166;2019-06-27;3.4;1;207;Brooklyn
20853;2-bed brownstone duplex + garden;79070;Tracy;Prospect Heights;40.68035;-73.97162;Entire home/apt;250;7;21;2019-05-21;0.3;1;158;Brooklyn
20913;Charming 1 bed GR8 WBurg LOCATION!;79402;Christiana;Williamsburg;40.70984;-73.95775;Entire home/apt;100;5;168;2018-07-22;1.57;1;0;Brooklyn
21293;Sunny Apartment in Artist Home;44145;Tyrome;Bushwick;40.70093;-73.92609;Entire home/apt;105;3;118;2019-06-18;1.05;2;9;Brooklyn
21456;Light-filled classic Central Park ;42032;Dana;Upper West Side;40.79764;-73.96177;Entire home/apt;140;3;81;2019-07-07;0.71;1;198;Manhattan
21794;COZY QUIET room 4 DOOGLERS!;83257;Olan;Chelsea;40.74008;-74.00271;Private room;98;30;30;2019-05-01;0.27;2;364;Manhattan
22911;The Stuydio Modern and Light Filled;87773;Shelly;Bedford-Stuyvesant;40.68413;-73.92357;Entire home/apt;125;7;139;2018-10-28;1.23;2;311;Brooklyn
22918;loft bed - near transportation-15min to times sq;32294;Ssameer Or Trip;Harlem;40.82279000000001;-73.95139;Private room;60;3;11;2019-01-03;0.87;3;219;Manhattan
23135;House On Henry (3rd FLR Suite);11481;Annette;Carroll Gardens;40.67967;-74.00154;Entire home/apt;175;2;233;2019-06-24;2.09;3;342;Brooklyn
23501;Monkey Retreat Manhattan;63318;Meka;Washington Heights;40.83927;-73.94281;Private room;65;2;68;2012-11-01;0.6;1;312;Manhattan
23686;2000 SF 3br 2bath West Village private  townhouse;93790;Ann;West Village;40.73096;-74.00319;Entire home/apt;500;4;46;2019-05-18;0.55;2;243;Manhattan
24285;Beautiful Duplex Apartment;97797;Brenda;Park Slope;40.66941;-73.98109000000002;Entire home/apt;220;30;88;2018-11-02;0.79;1;9;Brooklyn
25235;Large 2 Bedroom Great for Groups!;87773;Shelly;Bedford-Stuyvesant;40.68373;-73.92376999999998;Entire home/apt;125;90;162;2019-06-28;1.46;2;137;Brooklyn
26012;Sunny 2-story Brooklyn townhouse w deck and garden;109589;Jessica;Gowanus;40.68157;-73.98989;Entire home/apt;200;30;19;2017-03-17;0.2;1;208;Brooklyn
26559;Beautiful Apartment East Village;112793;Sally;East Village;40.7288;-73.98192;Entire home/apt;140;7;12;2017-12-11;0.13;1;164;Manhattan
26785;Park Slope Green Guest House;42273;Dani;South Slope;40.66853;-73.98912;Entire home/apt;120;30;467;2018-12-30;4.22;2;192;Brooklyn
26933;2 BR / 2 Bath Duplex Apt with patio! East Village;72062;Bruce;East Village;40.7254;-73.98156999999998;Entire home/apt;350;2;7;2017-08-09;0.06;4;298;Manhattan
26954;NYC fabulous views Manhattan's eye;115157;Nimo;Kips Bay;40.74294;-73.98009;Entire home/apt;199;5;38;2015-12-02;0.38;1;260;Manhattan
26969;2 story family home in Williamsburg;115307;Alexandra;Williamsburg;40.71942;-73.95748;Entire home/apt;325;3;324;2019-06-23;3.01;1;107;Brooklyn
27006;Comfortable UWS 2-BD Family-Friendly Brownstone;115560;Stacy;Upper West Side;40.77823;-73.97636999999997;Entire home/apt;235;6;27;2019-04-27;0.27;1;199;Manhattan
27385;Great Large 1 BR apt  in East Village!;72062;Bruce;East Village;40.72555;-73.97965;Entire home/apt;225;1;115;2019-06-07;1.05;4;299;Manhattan
27531;Eveland Private Bed & Living Room w/ Own Entrance;118971;Evelyn;South Slope;40.66831;-73.98604;Private room;99;2;354;2019-05-20;3.2;3;20;Brooklyn
27644;Sugar Hill Rest Stop ;119510;Emma;Harlem;40.82754;-73.94919;Entire home/apt;170;2;195;2019-07-01;2.03;1;318;Manhattan
27659;3 Story Town House in Park Slope;119588;Vero;South Slope;40.66499;-73.97925;Entire home/apt;400;2;16;2018-12-30;0.24;2;216;Brooklyn
27759;apartment next to Central park;119900;Sylvie;Upper West Side;40.77842;-73.97556;Entire home/apt;170;7;13;2019-06-26;0.12;1;224;Manhattan
27883;East Village Sanctuary;120223;Jen;East Village;40.72245;-73.98527;Entire home/apt;100;4;25;2011-12-10;0.23;1;0;Manhattan
28321;Large 1  BR in a 3 BR Brooklyn apt. next to Q Trn.;65091;Kay;Prospect-Lefferts Gardens;40.65593;-73.96053;Private room;75;2;9;2018-10-05;0.08;1;324;Brooklyn
28396;Modern Apt with Spectacular Views;6197784;Jo;Williamsburg;40.71923;-73.96468;Private room;90;1;9;2011-09-18;0.08;1;245;Brooklyn
28907;Garden studio in the Upper East Sid;124352;Lisa;Upper East Side;40.778;-73.94821999999998;Entire home/apt;150;5;21;2017-08-15;0.19;1;189;Manhattan
29012;Secluded Master Bedroom in Beautiful Huge Apt;124797;Fernando And Lenin;Washington Heights;40.85879;-73.93128;Private room;85;15;36;2017-08-17;0.33;1;307;Manhattan
29013;B & B Room 1;35935;Angela;Bedford-Stuyvesant;40.68332;-73.9547;Private room;70;3;63;2019-05-14;0.58;2;310;Brooklyn
29455;ACCOMMODATIONS GALORE #1;126607;Laurine;Harlem;40.81618;-73.94894000000002;Entire home/apt;120;3;155;2019-06-20;1.42;3;213;Manhattan
29628;Sunny Room in New Condo;127608;Chris;Clinton Hill;40.68414;-73.96351;Private room;89;3;260;2019-07-03;2.35;1;278;Brooklyn
29683;Stylish & Sleek Apartment Near SoHo!;125857;Uli;East Village;40.72392;-73.99143000000002;Entire home/apt;185;5;73;2019-06-25;0.66;1;209;Manhattan
30031;NYC artists’ loft with roof deck;129352;Sol;Greenpoint;40.73494;-73.9503;Private room;50;3;193;2019-05-20;1.86;1;0;Brooklyn
30927;Unique & Charming small 1br Apt. LES;120335;Cs;Lower East Side;40.71341;-73.98855999999998;Entire home/apt;105;3;32;2019-06-14;0.29;1;16;Manhattan
31130;Most Central Location!;117287;Lara;Hell's Kitchen;40.76754;-73.98399;Private room;130;2;50;2019-05-26;0.45;3;234;Manhattan
31555;Luminous Beautiful West Village Studio;135619;Tom;West Village;40.73442;-74.00303000000002;Entire home/apt;115;29;26;2019-07-01;0.25;1;12;Manhattan
31902;Sanctuary in East Flatbush;137292;Sunder;Flatlands;40.63188;-73.93248;Private room;77;2;2;2019-01-01;0.02;1;178;Brooklyn
31994;Room with En Suite Bathroom & Deck;137814;Waldemar;Clinton Hill;40.6873;-73.9634;Private room;76;2;426;2019-06-24;3.89;3;275;Brooklyn
32023;FLAT MACDONOUGH;137974;Khem;Bedford-Stuyvesant;40.68296;-73.93661999999998;Entire home/apt;125;3;227;2019-06-23;2.09;2;163;Brooklyn
32037;Huge Private  Floor at The Waverly;116599;Sahr;Clinton Hill;40.6863;-73.96765;Private room;135;4;84;2019-07-01;0.77;3;365;Brooklyn
32363;Fully Furnished Basement Apartment;140025;Fredah;Flushing;40.74028;-73.83168;Private room;140;2;1;2011-09-19;0.01;1;1;Queens
32965;FLAT MACDONOUGH GARDEN;137974;Khem;Bedford-Stuyvesant;40.68281;-73.93524000000002;Entire home/apt;115;3;124;2019-06-20;1.72;2;170;Brooklyn
32969;Light filled Williamsburg Apartment;142833;Katherine;Williamsburg;40.71596;-73.93938;Entire home/apt;160;3;11;2019-07-02;0.11;1;188;Brooklyn
33009;Retreat in Williamsburg;143027;Ming;Williamsburg;40.71492;-73.95935;Entire home/apt;195;4;240;2019-06-17;2.19;1;214;Brooklyn
33014;NYC Zen;143048;Paula;East Village;40.72354;-73.98295;Entire home/apt;195;3;30;2019-06-17;0.28;1;248;Manhattan
33223;Cozy BR in Wiliamsburg 3 Bedroom;72014;Lulú;Williamsburg;40.71165;-73.96087;Private room;80;3;200;2019-06-22;1.86;4;262;Brooklyn
34760;Sunny Room in Old Historical Brooklyn Townhouse;149929;Obed;Fort Greene;40.69101;-73.97312;Private room;44;8;27;2019-06-29;1.05;5;280;Brooklyn
35526;Sun Filled Classic West Village Apt;120291;Karen;West Village;40.73474;-74.00101;Private room;156;4;79;2019-06-22;0.74;1;307;Manhattan
36121;Lg Rm in Historic Prospect Heights;62165;Michael;Prospect Heights;40.67386;-73.96641;Private room;85;15;9;2013-05-10;0.09;1;339;Brooklyn
36133;Classic Artist Loft Williamsburg;142684;White;Williamsburg;40.71536;-73.96056999999998;Private room;125;3;155;2019-06-13;1.61;1;1;Brooklyn
36442;Great location. Spacious on PROSPECT PARK;137432;Paz;Prospect Heights;40.6741;-73.96595;Entire home/apt;115;15;4;2018-08-27;0.05;1;269;Brooklyn
36647;Private Bdrm/Bathrm. New! Elevator!;157798;Irene;East Harlem;40.79295;-73.93997;Private room;69;2;34;2017-05-29;0.32;1;10;Manhattan
36934;Great location in Williamsburg;159370;Viviana;Williamsburg;40.71363;-73.96398;Entire home/apt;125;6;27;2018-12-27;0.25;1;189;Brooklyn
38638;Light and Airy Upper East Side 1 BDR apartment;92788;Sara;Upper East Side;40.77711;-73.9527;Entire home/apt;219;4;126;2019-06-26;1.16;2;290;Manhattan
38663;Luxury Brownstone in Boerum Hill;165789;Sarah;Boerum Hill;40.68559000000001;-73.98094;Entire home/apt;475;3;23;2018-12-31;0.27;1;230;Brooklyn
39267;CENTRAL PARK LOFT all for YOU;168417;Marie;Upper East Side;40.77456;-73.95323;Entire home/apt;99;1;234;2019-06-08;2.6;2;164;Manhattan
39282;Indie-Chic Share In Williamsburg;168525;Gus;Williamsburg;40.71088;-73.95055;Private room;69;4;202;2019-05-28;1.86;2;53;Brooklyn
40039;Luxurious Condo in DUBMO with View;171851;Henry;DUMBO;40.70207;-73.98571;Private room;250;3;14;2011-04-25;0.13;1;189;Brooklyn
40453;Charming & Cozy midtown loft any WEEK ENDS  !!!;174025;Sylvia;Upper East Side;40.76123;-73.9642;Entire home/apt;250;3;4;2016-09-23;0.08;1;365;Manhattan
41348;* Spacious GARDEN Park Slope Duplex* 6 people max;180083;Syl;Gowanus;40.66858;-73.99083;Entire home/apt;250;2;80;2019-07-06;2.17;1;0;Brooklyn
41513;Convenient cozy cheap apt Manhattan;181167;Lorenzo;Harlem;40.82704;-73.94906999999998;Entire home/apt;80;3;2;2015-11-02;0.04;1;0;Manhattan
42580;Parlor Room In Victorian Townhouse;137814;Waldemar;Clinton Hill;40.68843;-73.96408000000002;Private room;70;2;294;2019-06-24;3.47;3;336;Brooklyn
42729;House On Henry (2nd FLR Suite);11481;Annette;Carroll Gardens;40.6783;-74.00135;Entire home/apt;165;2;150;2019-06-18;1.4;3;342;Brooklyn
42882;New York room with a view;185978;Newyorkroomwithaview;St. George;40.64524;-74.08088000000002;Private room;70;2;166;2019-06-13;1.66;1;312;Staten Island
43957;Sunny cozy room in Brklyn townhouse;177536;Tessa;Bushwick;40.70641;-73.91765;Private room;50;2;47;2019-06-19;0.94;1;37;Brooklyn
44161;Light+Open+Airy+Rustic+Modern Loft;193360;Young;Williamsburg;40.71045;-73.9677;Entire home/apt;150;2;193;2016-07-06;1.78;1;177;Brooklyn
44212;West Inn 2 - East Village;72062;Bruce;East Village;40.72518;-73.98034;Private room;125;1;84;2019-06-23;0.78;4;310;Manhattan
44221;Financial District Luxury Loft;193722;Coral;Financial District;40.70666;-74.01374;Entire home/apt;196;3;114;2019-06-20;1.06;1;0;Manhattan
44229;BROOKLYN VICTORIAN STYLE SUITE.....;181376;Carol;Fort Greene;40.69098;-73.97113;Private room;110;2;213;2019-06-24;2.0;2;321;Brooklyn
44288;Your own Lovely West Village Studio;193637;Sara;West Village;40.73756;-74.00405;Entire home/apt;170;3;86;2019-06-01;0.8;1;246;Manhattan
44506;ACCOMMODATIONS GALORE#3. 1-5 GUESTS;126607;Laurine;Harlem;40.81526;-73.94791;Entire home/apt;165;3;80;2019-05-26;0.75;3;231;Manhattan
45393;Greenwich Village Stylish Apartment;201297;Myrna;West Village;40.73423;-74.0046;Entire home/apt;150;26;38;2016-04-20;0.36;1;225;Manhattan
45542;Clean and Cozy Harlem Apartment;202249;Campbell;Harlem;40.82374;-73.9373;Entire home/apt;100;2;18;2018-12-17;1.79;1;0;Manhattan
45910;Beautiful Queens Brownstone! - 5BR;204539;Mark;Ridgewood;40.70382;-73.89797;Entire home/apt;350;8;10;2019-05-12;0.11;5;365;Queens
45936;Couldn't Be Closer To Columbia Uni;867225;Rahul;Morningside Heights;40.80549;-73.95924000000002;Private room;99;4;122;2019-05-14;1.18;2;233;Manhattan
45940;Bright Spacious Luxury Condo;204724;Miyoung;Williamsburg;40.71627;-73.9587;Entire home/apt;200;4;33;2019-04-08;0.58;1;1;Brooklyn
46544;Park Slope haven 15 mins from Soho;8198;Monica;Park Slope;40.67994;-73.97863000000002;Entire home/apt;150;5;52;2019-06-05;0.5;1;18;Brooklyn
46723;SAFE  AND BEAUTIFUL ACCOMODATION;209460;Marylyn;Bedford-Stuyvesant;40.67992;-73.9475;Private room;90;3;126;2019-05-19;1.17;4;343;Brooklyn
46911;Large Room in private Brownstone in Park Slope;210746;Kathleen R.;Prospect Heights;40.67868;-73.97306999999998;Private room;120;3;51;2019-06-24;0.48;3;250;Brooklyn
47370;Chelsea Studio sublet 1 - 2 months;214287;Alex;Chelsea;40.74031;-73.99999;Entire home/apt;125;3;3;2015-07-17;0.03;1;0;Manhattan
47926;LUX APT IN TIMES SQUARE NEW BUILDING;218404;Claudia;Hell's Kitchen;40.76307;-73.99665;Entire home/apt;275;1;41;2019-06-26;0.38;1;299;Manhattan
48719;Designer 1 BR Duplex w/ Terrace- Spectacular Views;221873;Shane;Lower East Side;40.71882;-73.98852;Entire home/apt;299;2;109;2019-06-15;1.04;1;207;Manhattan
"50447;""Lovely Apt & Garden;  Legal;  Best Area; Amenities"";9744;Laurie;South Slope;40.6693;-73.98804;Entire home/apt;135;5;151;2019-06-22;1.43;3;162;Brooklyn"
51485;Lower East Side $57~/night;236655;Erina;Lower East Side;40.72319;-73.99201;Private room;83;1;285;2019-06-22;2.69;1;7;Manhattan
51572;Prime Location in Manhattan;237329;Lee;Chelsea;40.74859;-73.99671;Private room;123;1;375;2019-06-18;3.52;1;328;Manhattan
51850;( F) Excellent/Pvt Rm;27848;Jullett;Jamaica;40.67252;-73.76597;Private room;55;2;52;2019-05-20;0.49;2;365;Queens
53196;Big Room/Washer-Dryer/Wifi/AC/JMZ;247432;Charlotte;Bedford-Stuyvesant;40.69546;-73.93503;Private room;80;2;11;2017-11-13;0.48;1;0;Brooklyn
53469;cozy studio with parking spot;204539;Mark;Middle Village;40.71722000000001;-73.87856;Entire home/apt;98;30;33;2015-05-09;0.31;5;240;Queens
53470;Clean and convenient 2BR apartment;204539;Mark;Ridgewood;40.70234;-73.89816;Private room;140;7;6;2015-10-08;0.06;5;365;Queens
53477;3 floors of luxury!;204539;Mark;Middle Village;40.71546;-73.87854;Entire home/apt;265;7;38;2019-04-27;0.38;5;365;Queens
54158;The Institute—Heart of Williamsburg;10889;Bob;Williamsburg;40.7195;-73.95976;Entire home/apt;249;2;358;2019-06-20;3.44;2;164;Brooklyn
54453;MIDTOWN WEST - Large alcove studio;255583;Anka;Hell's Kitchen;40.76548;-73.98474;Shared room;105;6;10;2014-01-07;0.09;1;363;Manhattan
54508;Sml Rm in pr Brst  Park Sl great for Med/students;210746;Kathleen R.;Prospect Heights;40.6787;-73.97261999999998;Private room;100;2;226;2019-06-06;2.12;3;250;Brooklyn
54544;City Room - Private Penthouse Apt.;256161;Wayne;Harlem;40.81035;-73.94598;Entire home/apt;121;1;104;2019-06-22;1.0;5;247;Manhattan
54860;Great apartment with private bathroom and entrance;258164;Jenny;East Harlem;40.79958;-73.94275;Private room;100;5;204;2019-06-23;1.92;1;192;Manhattan
55467;Private Garden Apt • New Renovation;260709;Paul;Williamsburg;40.71625;-73.93845;Entire home/apt;140;2;253;2019-07-02;3.04;1;125;Brooklyn
55498;Modern comfort in art infused landmark Brownstone;262138;Tami;Bedford-Stuyvesant;40.6829;-73.93549;Private room;71;2;23;2019-07-01;0.22;1;91;Brooklyn
55737;Sleek & Comfortable Soho Apt;263414;Pete;West Village;40.72861;-74.0049;Entire home/apt;199;5;129;2019-05-19;1.22;1;286;Manhattan
55959;Spacious Williamsburg Share w/ LOFT BED;168525;Gus;Williamsburg;40.70979000000001;-73.95161999999998;Private room;69;4;82;2019-06-10;1.13;2;60;Brooklyn
55982;Cozy 2 br in sunny Fort Greene apt;264928;Sally;Fort Greene;40.68656;-73.97525;Private room;68;3;37;2018-12-31;0.35;1;0;Brooklyn
56467;Cozy East Village Railroad 1 Bed!;267593;Leonardo;East Village;40.72752;-73.98432;Entire home/apt;130;1;204;2019-07-01;2.04;1;192;Manhattan
56525;1 Bedroom Loft w/ Private Roof Deck;268014;Alex;Greenpoint;40.729;-73.95829;Entire home/apt;195;2;69;2019-06-13;0.65;1;58;Brooklyn
56859;City Room - Private & Comfy Bedroom;256161;Wayne;Harlem;40.81219;-73.94499;Private room;64;1;192;2019-06-03;1.84;5;245;Manhattan
57166;Elegant NYC Pad;272006;Vasili;Ditmars Steinway;40.77185;-73.90502;Entire home/apt;140;2;17;2019-06-17;0.16;1;292;Queens
57740;Quiet & Clean Retreat in the City;275459;I;East Village;40.73012;-73.99053;Entire home/apt;239;3;7;2019-05-24;0.07;1;351;Manhattan
57754;Stylish Large Gramercy Loft!;275578;R;Flatiron District;40.7403;-73.98498000000002;Entire home/apt;305;2;108;2019-06-30;1.09;1;201;Manhattan
57874;The Brownstone-Luxury 1 Bd Apt/NYC;276291;Simon;Harlem;40.80931;-73.94343;Entire home/apt;155;3;222;2019-06-26;2.1;2;232;Manhattan
58059;PRIVATE Room on Historic Sugar Hill;277379;Agnes;Harlem;40.8251;-73.94287;Private room;60;1;458;2019-07-03;4.58;2;258;Manhattan
58062;South Slope Green;277394;Linda;Windsor Terrace;40.6585;-73.98397;Private room;135;2;21;2019-05-17;0.26;1;272;Brooklyn
59642;Franklin St Flat in Trendy Greenpoint Brooklyn;274782;Betty;Greenpoint;40.73401;-73.95966999999997;Entire home/apt;135;2;69;2019-05-19;0.67;1;12;Brooklyn
59855;One bedroom Apt. in NYC;288031;Leslie;Midtown;40.7589;-73.96991;Entire home/apt;250;30;82;2016-01-05;0.78;1;0;Manhattan
60457;Spacious Greenwich Village Apt;99212;Jessica;Greenwich Village;40.73194;-73.99474000000002;Entire home/apt;225;5;10;2019-05-11;0.1;1;91;Manhattan
60611;SpaHa Studio Monthly Rental;292204;Blanca;East Harlem;40.79163;-73.94573000000003;Entire home/apt;125;28;183;2018-09-29;1.83;2;365;Manhattan
60666;City Room - Private Luxury Suite;256161;Wayne;Harlem;40.8118;-73.94434;Private room;92;1;189;2019-06-11;1.82;5;253;Manhattan
60673;Private Room/bath Luxurious Harlem;249372;Cynthia;Harlem;40.81583;-73.94707;Private room;175;2;1;2018-10-07;0.11;1;365;Manhattan
60680;The gem of the East Village;292630;Mich;East Village;40.72654;-73.98049;Entire home/apt;99;2;127;2019-06-20;1.22;1;320;Manhattan
60948;ACCOMMODATIONS GALORE #2;126607;Laurine;East Harlem;40.80942;-73.93936;Entire home/apt;140;3;135;2019-06-20;1.3;3;192;Manhattan
61167;Colorful Private One Bedroom Apt;295760;Greta;Little Italy;40.71961;-73.9954;Entire home/apt;135;2;21;2015-12-12;0.2;1;0;Manhattan
61224;Huge Chelsea Loft;291112;Frank;Chelsea;40.74358;-74.00027;Entire home/apt;500;2;35;2017-07-27;0.34;1;348;Manhattan
61406;Great room in great location;297176;Bethania;Harlem;40.80335;-73.9575;Private room;80;14;10;2019-06-01;2.21;2;0;Manhattan
61492;Exclusive Room with Private Bath in  LES;297769;Tunji;Chinatown;40.71445;-73.9908;Private room;120;4;171;2019-06-23;1.8;2;353;Manhattan
62095;BK Sweet Suite w/Kitchen&FullBath;281764;Colette&Sean;East Flatbush;40.64446;-73.9503;Entire home/apt;65;3;238;2019-06-14;2.3;1;2;Brooklyn
62427;Great East Village Apartment Rental;303882;Brie;East Village;40.7268;-73.99079;Entire home/apt;130;50;56;2019-05-26;0.58;1;56;Manhattan
62430;BROWNSTONE SUNDRENCHED BEAUTY;197755;Sheila;Bushwick;40.688;-73.9171;Entire home/apt;99;3;111;2019-06-22;2.13;1;68;Brooklyn
62452;A SpeciaL!! Private Room in NY;303939;Lissette;Tompkinsville;40.63536;-74.08537;Private room;36;2;193;2019-06-25;1.85;6;360;Staten Island
62461;B NYC Staten Alternative...;303939;Lissette;Tompkinsville;40.63627;-74.08543;Private room;37;2;147;2019-06-10;1.44;6;0;Staten Island
62787;C Private Room By The Ferry;303939;Lissette;Tompkinsville;40.63518;-74.08546;Private room;37;2;177;2019-07-02;1.71;6;320;Staten Island
62891;Smallest House In The Village;306545;Olivia;East Village;40.72477;-73.98161;Entire home/apt;175;3;185;2019-05-24;1.78;2;326;Manhattan
62903;Beautiful modern studio apartment in heart of NYC;306605;Daniel;Chelsea;40.74238;-73.99566999999998;Entire home/apt;205;9;62;2019-06-21;0.7;2;76;Manhattan
62925;Beautiful Landmarked Duplex;306739;Maya;Greenpoint;40.72945;-73.95510999999998;Entire home/apt;285;3;124;2019-06-16;1.22;3;279;Brooklyn
63299;BROOKLYN > Guest Room w/ Queen Bed in Williamsburg;308875;Scott;Williamsburg;40.70763;-73.95177;Private room;59;2;181;2019-06-23;1.77;2;15;Brooklyn
63320;D Private Che@p Room 2 Explore NYC;303939;Lissette;Tompkinsville;40.63481;-74.08519;Private room;36;2;333;2019-07-02;3.19;6;340;Staten Island
63360;Safe cute near subway& Manhattan NY NY retro style;307962;Dennis & Naoko;Astoria;40.75384;-73.91433;Entire home/apt;99;5;441;2019-06-24;4.5;1;226;Queens
63546;Large and Cozy Private Bedroom;308652;Antonín;Kensington;40.64106;-73.97426;Private room;39;1;45;2019-05-16;0.46;2;365;Brooklyn
63573;Small tidy bedroom in duplex;310458;Emily;Park Slope;40.66793;-73.98326999999998;Private room;60;14;9;2016-08-29;0.09;2;0;Brooklyn
63693;Cottage in the Village;306545;Olivia;East Village;40.72185;-73.98246;Entire home/apt;390;5;143;2019-06-19;1.38;2;316;Manhattan
63719;BEDROOM1 FOR RENT 10min from Manhan;311286;Helene;Bedford-Stuyvesant;40.68503;-73.95385;Private room;70;3;36;2018-08-19;0.41;4;281;Brooklyn
64000;Williamsburg near soho. / loftbed;312722;Kristian & Di;Williamsburg;40.7069;-73.95467;Private room;60;17;14;2019-01-07;0.14;4;362;Brooklyn
64107;BROOKLYN  STUDIO APARTMENT;313317;Niya;Crown Heights;40.6778;-73.94339000000002;Private room;100;3;279;2019-06-24;2.69;1;301;Brooklyn
64277;BEDROOM2 FOR RENT  10min from Manh;311286;Helene;Bedford-Stuyvesant;40.68317;-73.94700999999998;Private room;70;4;18;2019-01-02;0.22;4;189;Brooklyn
64314;cozy bedroom in lovely garden apt;314256;Debbie;Crown Heights;40.6761;-73.9529;Private room;110;6;50;2019-05-26;3.55;1;0;Brooklyn
64365;Crown Heights Garden Apt.;314582;Anthony;Crown Heights;40.67586;-73.95155;Private room;60;2;227;2019-06-27;2.27;2;287;Brooklyn
64707;Amazing  Sunny & Breezy Home In the Heart of  NYC;7310;Tilly;Little Italy;40.71702;-73.99811;Entire home/apt;90;14;1;2019-01-02;0.16;1;14;Manhattan
64837;ENJOY Downtown NYC!!;46978;Edward;East Village;40.72321;-73.98156999999998;Private room;68;2;203;2019-06-23;1.96;2;86;Manhattan
65019;Charming UWS Treehouse Apt;317809;Claire;Upper West Side;40.77956;-73.98098;Entire home/apt;115;2;210;2019-07-06;2.1;1;261;Manhattan
65268;Share a HOME - $75 for 1 bdrm/++ for 2 - Brooklyn;319092;Juhli;Bedford-Stuyvesant;40.68276;-73.95264;Private room;75;5;64;2019-01-05;0.67;1;68;Brooklyn
65562;CHARMING EAST VILLAGE 2 (or 1) BR;320450;Mary D;East Village;40.72956;-73.98158000000002;Entire home/apt;129;7;5;2019-01-03;0.15;1;231;Manhattan
65615;Farmhouse Apartment in Williamsburg;320761;Valerie;Williamsburg;40.71069;-73.95175;Entire home/apt;130;10;49;2019-06-29;0.48;1;152;Brooklyn
65660;Bright+Spacious Williamsburg Abode!;320538;Larissa;Williamsburg;40.70863;-73.94641;Entire home/apt;95;4;132;2019-07-07;1.27;1;46;Brooklyn
65834;Beautiful 1 Bedroom Apt Park Slope;321934;Jessica;Park Slope;40.67319000000001;-73.97323;Entire home/apt;175;2;11;2013-05-02;0.11;1;246;Brooklyn
66008;CHARMING CARROLL GARDENS APT.;322884;Melissa;Carroll Gardens;40.67846;-73.99443000000002;Entire home/apt;190;3;51;2019-07-01;0.57;1;288;Brooklyn
66026;Private Bedroom Brownstone Brooklyn;322716;Alex;Crown Heights;40.6715;-73.94808;Private room;49;21;15;2019-06-30;0.15;5;331;Brooklyn
66251;East Village Loft with Piano & Patio;324460;Samir;East Village;40.72681;-73.98534000000002;Entire home/apt;212;3;67;2019-06-25;1.31;1;51;Manhattan
66275;Lower East Side Magic Room;314941;Tony;Lower East Side;40.71904;-73.99391999999997;Private room;95;1;109;2019-06-23;1.11;3;364;Manhattan
66451;**Fantastic Williamsburg Apt**;325389;Luis Fernando;Williamsburg;40.71031;-73.9583;Entire home/apt;140;2;9;2019-02-16;0.11;1;254;Brooklyn
66718;West Harlem Home Base - Eco-Apt.;136227;Henning;Harlem;40.81322;-73.95306;Entire home/apt;135;6;187;2019-06-23;1.87;1;189;Manhattan
66741;Charming Garden Apt in Park Slope;327673;Stefano;Park Slope;40.67732;-73.98225;Entire home/apt;150;2;214;2019-06-23;2.08;2;263;Brooklyn
67288;Central Park 1BR sunny condo;101597;Per;East Harlem;40.79603;-73.94903000000002;Entire home/apt;124;28;22;2019-06-15;0.26;1;103;Manhattan
67299;Cozy Garden Apartment  in Williamsburg;330347;Adrienne;Williamsburg;40.71492;-73.96282;Entire home/apt;135;30;56;2019-05-06;0.56;1;42;Brooklyn
67397;SoHa comfort-by NW Central Park!;332189;Elise;Morningside Heights;40.80393;-73.95838;Private room;122;3;93;2019-06-22;0.93;1;246;Manhattan
68099;Cozy room in Upper West Side;323517;Deda;Upper West Side;40.80082;-73.9652;Private room;109;1;104;2019-06-25;1.05;2;364;Manhattan
68305;Cozy Private Room in Apartment;338454;Share;Harlem;40.82976;-73.94866999999998;Private room;85;30;64;2018-07-06;0.68;1;318;Manhattan
68403;The Cozy Brownstone Inn (discount)!;240427;Naimah;Bedford-Stuyvesant;40.683;-73.91981;Entire home/apt;145;3;127;2019-06-24;1.25;2;72;Brooklyn
68735;Prewar Penthouse w Private Terrace;342054;Violetta;Upper West Side;40.78971;-73.9729;Entire home/apt;195;11;30;2019-06-13;0.32;1;249;Manhattan
68765;Designer 2.5 BR Loft in Carroll Gardens by Subway;282655;Jenna;Carroll Gardens;40.67817;-73.99495;Entire home/apt;250;2;106;2019-06-27;1.34;3;272;Brooklyn
68900;Bright Beautiful Brooklyn;343250;Jason;Greenpoint;40.73119000000001;-73.95578;Private room;125;3;6;2016-11-13;0.1;1;325;Brooklyn
68974;Unique spacious loft on the Bowery;281229;Alicia;Little Italy;40.71943;-73.99627;Entire home/apt;575;2;191;2019-06-20;1.88;1;298;Manhattan
69921;Brooklyn Writer's Nook;155689;Joab;Bushwick;40.70514;-73.91922;Private room;70;5;47;2019-06-29;0.49;1;203;Brooklyn
70095;Private Bedroom in Large NYC Apartment;353965;Mary And Geoff;Inwood;40.86713;-73.92811;Private room;90;2;120;2019-06-30;1.27;1;132;Manhattan
70609;Great Large 3 BR/2 Bath Duplex with Private Patio!;72062;Bruce;East Village;40.72542;-73.97986;Entire home/apt;500;2;48;2019-06-16;0.48;4;297;Manhattan
71010;All That Jazz. Uptown style on Sugar Hill.;361855;Kurt;Washington Heights;40.83494;-73.93869000000002;Entire home/apt;250;3;32;2019-05-24;0.43;2;276;Manhattan
71248;Bright and lovely 1 bdrm apt in LES;363834;Jennifer;Chinatown;40.71659;-73.98945;Entire home/apt;125;25;43;2019-06-17;0.42;1;102;Manhattan
71366;Beautiful One Bed West Village - 4 Month Special;364955;Ruperto;West Village;40.72966;-74.00243;Entire home/apt;200;30;39;2019-06-25;0.44;1;251;Manhattan
71384;Gigantic Private Brooklyn Loft!;365153;Ben;Greenpoint;40.72898;-73.95551999999998;Entire home/apt;229;1;50;2014-05-13;0.5;1;188;Brooklyn
72190;1BR: See Central Park from Terrace!;373085;Hudson;Upper West Side;40.77728;-73.97818000000002;Entire home/apt;110;13;38;2019-02-15;0.39;1;0;Manhattan
72265;Private room in cozy Greenpoint;340692;Vanessa;Greenpoint;40.72646;-73.95340999999998;Private room;59;3;29;2019-06-16;0.36;1;15;Brooklyn
74073;Food & Music Dream Apartment in Williamsburg;211877;Daniel;Williamsburg;40.71015;-73.96101;Entire home/apt;195;4;59;2019-06-23;0.6;1;71;Brooklyn
74240;French Garden cottage off Bedford;389924;Patty;Williamsburg;40.71903;-73.9597;Entire home/apt;169;1;68;2019-06-07;0.67;2;215;Brooklyn
74333;Alcove Studio w/ outdoor Patio Deck;331328;Amir;East Harlem;40.80892;-73.93985;Entire home/apt;113;14;26;2015-11-25;0.27;3;253;Manhattan
74404;Luxury 3 bed/ 2 bath apt in Harlem w/ terrace;391325;G & S;Harlem;40.80276;-73.9567;Entire home/apt;250;14;31;2012-08-22;0.31;1;78;Manhattan
74680;One Bedroom Mini studio - Free WIFI;265109;Nazleen;Astoria;40.77635;-73.93426;Entire home/apt;115;2;198;2019-05-31;2.01;1;257;Queens
75193;BROOKLYN > Guest Room w/ King Bed in Williamsburg;308875;Scott;Williamsburg;40.71398;-73.95763000000002;Private room;69;2;220;2019-06-22;2.17;2;8;Brooklyn
75635;Bright Cozy Chinatown Studio Apt.;401696;Patricia;Lower East Side;40.71876;-73.98394;Entire home/apt;150;3;286;2019-06-27;2.81;1;191;Manhattan
76761;Eveland the Place to Stay & Enjoy a 5-⭐️ 2bdrm;118971;Evelyn;South Slope;40.66552;-73.99019;Entire home/apt;169;2;398;2019-06-28;3.97;3;182;Brooklyn
77765;Superior @ Box House;417504;The Box House Hotel;Greenpoint;40.73749;-73.95291999999998;Private room;179;3;36;2019-07-01;0.36;28;79;Brooklyn
77936;Hells Kitchen Garden of Eden;134355;Moss Owen;Hell's Kitchen;40.76248;-73.9913;Private room;150;3;36;2019-06-14;0.36;1;49;Manhattan
79067;Lovely 3 bedroom in Italianate Brownstone w/garden;425506;Bliss;Clinton Hill;40.6848;-73.96219;Entire home/apt;350;6;14;2019-04-20;0.3;1;156;Brooklyn
80493;Cozy room in East Village with AC;434987;Jennifer;East Village;40.72329000000001;-73.98486;Private room;71;2;182;2019-07-04;1.81;1;200;Manhattan
80684;Duplex w/ Terrace @ Box House Hotel;417504;The Box House Hotel;Greenpoint;40.73776;-73.95326999999997;Private room;349;3;8;2016-03-27;0.09;28;60;Brooklyn
80700;Loft w/ Terrace @ Box House Hotel;417504;The Box House Hotel;Greenpoint;40.73738;-73.95482;Private room;349;3;7;2019-05-24;0.07;28;60;Brooklyn
80924;Spacious 3 Bedroom Duplex in Park Slope;438133;Ellis;Park Slope;40.67542;-73.98142;Entire home/apt;165;30;34;2018-09-25;0.51;2;189;Brooklyn
81739;Loft w/ Terrace @ Box House Hotel;417504;The Box House Hotel;Greenpoint;40.73842;-73.95312;Private room;249;3;2;2011-05-12;0.02;28;60;Brooklyn
82549;Columbia Castle in Brooklyn Heights;448312;Christopher;Brooklyn Heights;40.6926;-73.99831999999998;Private room;100;3;66;2016-09-16;0.68;2;0;Brooklyn
82550;Columbia Castle 2 BR;448312;Christopher;Brooklyn Heights;40.69441;-73.99771;Entire home/apt;200;3;80;2019-06-30;0.85;2;106;Brooklyn
82928;BEAUTIFUL 2 BEDROOM APARTMENT;451545;Ruthven;Bedford-Stuyvesant;40.6824;-73.94615;Entire home/apt;185;3;46;2019-07-02;1.07;1;248;Brooklyn
83243;Brooklyn Cove Studio Apt w/ Garden!!;453519;Julian;Bushwick;40.68949;-73.91708;Entire home/apt;65;2;228;2019-06-10;2.27;1;194;Brooklyn
83722;Williamsburg penthouse with private roof cabana;456638;Sophie;Williamsburg;40.7205;-73.96015;Entire home/apt;199;30;8;2018-08-26;0.11;1;30;Brooklyn
83847;East Village Designer's 1-BR APT;410094;Yvette;East Village;40.72451;-73.98094;Entire home/apt;225;2;33;2019-01-02;0.33;1;0;Manhattan
84010;Superior @ Box House;417504;The Box House Hotel;Greenpoint;40.73813;-73.95394;Private room;179;3;13;2019-06-27;0.14;28;81;Brooklyn
84059;So Much Room in Brooklyn;459054;Famous;Crown Heights;40.67591;-73.94715;Entire home/apt;150;5;5;2018-07-22;0.05;1;0;Brooklyn
84659;Large Studio--Heart of East Village;462776;Kyle;East Village;40.72843;-73.98895;Entire home/apt;139;1;388;2019-06-26;3.88;1;142;Manhattan
84905;Huge.Bright.Clean.Safe. Private Room;464506;Ange;Two Bridges;40.71271;-73.99776;Private room;95;3;223;2019-06-23;2.22;2;60;Manhattan
85094;Garden 1BR/1BA Brownstone Apt - 2 blocks to subway;322716;Alex;Crown Heights;40.66966;-73.94735;Entire home/apt;79;15;11;2019-01-14;0.11;5;179;Brooklyn
86215;MODERN SPACIOUS 2 BR APT DOWNTOWN MANHATTAN;327900;T;Lower East Side;40.71965;-73.98765999999998;Entire home/apt;150;2;151;2019-06-24;1.51;2;52;Manhattan
93313;MAISON DES SIRENES 2;25183;Nathalie;Bedford-Stuyvesant;40.68314;-73.93963000000002;Entire home/apt;120;2;75;2019-06-23;0.76;2;237;Brooklyn
94477;The Vernon On Greene;478395;Jason;Bedford-Stuyvesant;40.69305;-73.93185;Entire home/apt;175;2;370;2019-07-05;3.74;1;204;Brooklyn
95747;Lovely 1BR in Tree-lined WBurg;509341;Tessa;Williamsburg;40.71055;-73.95098;Entire home/apt;140;7;13;2016-07-18;0.13;1;0;Brooklyn
95883;Spacious Loft in Clinton Hill;509918;Eduardo;Bedford-Stuyvesant;40.69465;-73.95458;Entire home/apt;200;5;4;2018-12-26;0.07;1;9;Brooklyn
98330;LOVELY APARTMENT IN THE HEART OF NY;31374;Shon;Kips Bay;40.73877;-73.97707;Entire home/apt;125;4;1;2012-01-03;0.01;3;181;Manhattan
98663;Groovy NYC Chelsea Pad;520279;Peter Michael;Chelsea;40.74893;-73.99544;Entire home/apt;130;30;19;2018-06-11;0.19;1;189;Manhattan
99070;Comfortable Cozy Space in El Barrio;522065;Liz And Melissa;East Harlem;40.79406;-73.94102;Shared room;65;7;131;2019-05-26;1.31;2;0;Manhattan
99085;Sunny Bklyn Jewel  Fort Greene JULY  - AUG 2019;522164;Wanda;Fort Greene;40.68795;-73.97332;Entire home/apt;123;30;15;2019-05-01;0.15;1;189;Brooklyn
100186;Large Brand New Park Slope 1BR;526805;Mi;Gowanus;40.66918;-73.99186999999998;Entire home/apt;130;7;98;2019-06-28;0.99;1;35;Brooklyn
101053;Colorful Artistic Williamsburg Apt;530032;Lee And Tara;Williamsburg;40.71125;-73.95613;Private room;100;3;31;2019-03-01;0.31;1;0;Brooklyn
102995;UWS Brownstone Near Central Park;178043;Chas;Upper West Side;40.78558;-73.9696;Entire home/apt;212;21;45;2018-01-01;0.46;1;35;Manhattan
103161;Artsy TopFloor Apt in PRIME BEDFORD Williamsburg;465278;Ade;Williamsburg;40.71577;-73.96053;Entire home/apt;190;3;124;2019-06-26;1.76;1;359;Brooklyn
103311;2 BR w/ Terrace @ Box House Hotel;417504;The Box House Hotel;Greenpoint;40.73861;-73.95485;Private room;599;3;9;2018-05-19;0.09;28;60;Brooklyn
103806;BOHEMIAN EAST VILLAGE 2 BED HAVEN;251176;Jason;East Village;40.72577;-73.98745;Entire home/apt;249;5;166;2019-05-27;1.68;2;365;Manhattan
105469;Oceanfront Apartment in Rockaway;547386;Michelle;Rockaway Beach;40.58615;-73.81245;Private room;70;27;13;2015-09-21;0.13;1;335;Queens
105510;Private 1-Bedroom Apt in Townhouse;322716;Alex;Crown Heights;40.67086;-73.94872;Entire home/apt;100;30;15;2019-01-05;0.16;5;282;Brooklyn
106363;Bright Room With A Great River View;551055;Alicia;Harlem;40.82773;-73.95231;Private room;60;3;380;2019-06-26;3.83;2;247;Manhattan
106647;Tree lined block modern apartment;552679;Olivia;Bedford-Stuyvesant;40.68505;-73.95684;Entire home/apt;135;2;86;2019-06-16;0.87;1;102;Brooklyn
107630;Sweet Historic Greenpoint Duplex;306739;Maya;Greenpoint;40.72911;-73.95493;Entire home/apt;175;3;248;2019-06-20;2.53;3;274;Brooklyn
107895;Riverside Charm with Fire Place;3088389;Kai;Upper West Side;40.77944;-73.98567;Entire home/apt;120;5;49;2019-06-19;0.56;1;201;Manhattan
112100;Sunny 3BR Apt Ideal for Family  ;572527;Marine;Crown Heights;40.67539;-73.96093;Entire home/apt;165;7;3;2013-01-01;0.03;1;157;Brooklyn
112304;Cozy Private Room in West Harlem!;573316;Kelli;Harlem;40.8054;-73.95189;Private room;90;1;1;2016-01-02;0.02;1;0;Manhattan
112359;UES Quiet & Spacious 1 bdrm for 4;571952;Olivia;Upper East Side;40.78491;-73.9508;Entire home/apt;225;2;56;2018-12-28;0.57;1;312;Manhattan
112435;ALL ABOUT A VERY COMFORTABLE ROOM..;181376;Carol;Fort Greene;40.69088;-73.97306999999998;Private room;95;2;163;2019-05-24;1.66;2;331;Brooklyn
113265;Brooklyn- Crown Heights Garden Apt.;314582;Anthony;Crown Heights;40.67555;-73.95057;Private room;55;2;247;2019-06-21;2.51;2;275;Brooklyn
113945;Cozy room in Time Square!;275582;Natalia;Hell's Kitchen;40.75835;-73.99193000000002;Private room;85;10;116;2019-05-11;1.17;1;174;Manhattan
114123;Large Park Slope Townhouse Duplex;579495;Susi;South Slope;40.66527;-73.9886;Entire home/apt;199;14;27;2019-05-19;0.28;2;223;Brooklyn
114229;Lower East Side 2 Bedroom Apt;314941;Tony;Lower East Side;40.71895;-73.99434000000002;Entire home/apt;211;1;52;2019-06-08;0.6;3;361;Manhattan
115535;Sun-Drenched Hamilton Hts Jewel   ;567187;Jane;Harlem;40.82399;-73.95328;Private room;65;14;35;2019-06-01;0.35;1;283;Manhattan
115678;Your Stunning Vacation Apartment!;127772;Will;Harlem;40.81822;-73.94095;Entire home/apt;99;1;320;2019-06-23;3.23;1;220;Manhattan
115748;1 BDRM Apt-Weekend Sublease;585166;Lilly;Astoria;40.76434;-73.92132;Entire home/apt;110;4;30;2019-06-16;0.32;1;363;Queens
116940;ROOM WITH A  KITCHENETTE;209460;Marylyn;Crown Heights;40.67705;-73.94925;Entire home/apt;80;3;225;2019-06-24;2.27;4;315;Brooklyn
118061;Style in Stuyvesant Heights;2248897;Roberta;Bedford-Stuyvesant;40.68448;-73.92747;Entire home/apt;110;4;70;2019-06-28;0.75;1;283;Brooklyn
118430;Heart of Meatpacking & Chelsea;585458;Paul;Chelsea;40.74412;-74.00208;Private room;290;2;35;2019-01-03;0.36;1;20;Manhattan
120362;Williamsburg apartment right by the subway;138069;Itamar;Williamsburg;40.70665;-73.94060999999998;Entire home/apt;190;4;50;2019-07-02;0.51;1;331;Brooklyn
121687;Spacious Brooklyn Loft - 2 Bedroom;262812;Vikram;Williamsburg;40.72063;-73.95952;Entire home/apt;200;2;29;2019-06-23;0.31;1;36;Brooklyn
123784;NYC Studio for Rent in Townhouse;617990;Christopher;Harlem;40.80481;-73.94794;Entire home/apt;110;2;142;2019-06-16;1.44;2;301;Manhattan
125053;⚡Quiet Gem w/roof deck on NY's Hottest Street⚡;622460;Justin;East Village;40.72533;-73.99143000000002;Entire home/apt;395;2;70;2019-07-01;0.73;1;170;Manhattan
125163;Authentic New York City Living ;622855;Rodney;Bedford-Stuyvesant;40.68569;-73.93038;Private room;99;2;38;2019-06-03;0.54;2;307;Brooklyn
125594;SUPER BIG AND COZY PRIVATE BEDROOM;308652;Antonín;Kensington;40.64302;-73.97255;Private room;39;1;82;2019-05-19;0.94;2;365;Brooklyn
126443;☆Massive DUPLEX☆ 2BR & 2BTH East Village 9+ Guests;627217;Seith;East Village;40.72939;-73.98857;Entire home/apt;189;2;403;2019-07-07;4.1;3;201;Manhattan
126816;Gorgeous Upper West Side Apartment;620288;Eric;Upper West Side;40.79918;-73.96607;Private room;85;1;3;2014-11-06;0.03;1;0;Manhattan
128975;City Room - Street View Apt;256161;Wayne;Harlem;40.81333;-73.94453;Entire home/apt;122;1;116;2019-06-13;1.18;5;271;Manhattan
131154;Cozy and Bright One Bedroom in BK;275563;Lauren;Greenpoint;40.72473;-73.95199000000002;Entire home/apt;165;2;175;2019-07-07;1.79;1;139;Brooklyn
132516;Forest Hills Apt minutes to midtown Manhattan;85330;Jean;Forest Hills;40.70925;-73.85262;Entire home/apt;97;3;28;2019-07-01;1.21;3;209;Queens
132570;Spacious West Village 1 b/room King;651390;Catherine;West Village;40.73215;-74.00922;Entire home/apt;170;4;24;2017-12-26;0.25;1;0;Manhattan
132695;Perfect Williamsburg Summer Haven;507186;Holly;Williamsburg;40.71109000000001;-73.94332;Entire home/apt;125;2;15;2016-06-06;0.15;1;0;Brooklyn
133025;Midtown cozy convenient;653405;Tracy;Murray Hill;40.7463;-73.97926;Private room;130;4;105;2019-06-06;1.07;1;193;Manhattan
134934;Prime Williamsburg Apartment;652842;Giovanni;Williamsburg;40.71823;-73.95849;Entire home/apt;225;10;22;2019-05-30;0.38;1;52;Brooklyn
135465;Garden apartment close to Manhattan;663879;Christopher;Fort Greene;40.68626;-73.97598;Entire home/apt;170;3;86;2019-06-20;0.91;2;286;Brooklyn
135706;The Ground Studio - West Side;665013;Jeff;Chelsea;40.74488;-74.001;Entire home/apt;132;4;10;2017-01-01;0.1;1;0;Manhattan
136493;Stunning arty 3200sf 3FLR+3BR townhome w/terrace;663384;Irena;Park Slope;40.67632;-73.97616;Entire home/apt;250;7;18;2019-05-27;0.21;1;18;Brooklyn
138216;Sunny and Spacious Designer's Home;674970;Michael;Greenpoint;40.72212;-73.94254000000002;Entire home/apt;141;5;8;2018-07-08;0.21;1;9;Brooklyn
140133;Truly Amazing Oasis In The City;622866;Daniel;Williamsburg;40.71363;-73.96019;Entire home/apt;249;3;150;2019-07-05;1.55;1;277;Brooklyn
140425;Holiday Time in NY - Oh My!!;683975;Ivy;Crown Heights;40.6755;-73.95878;Private room;79;2;115;2017-05-25;1.18;1;0;Brooklyn
141154;Affordable Furnished Apartment;686768;Mark;Boerum Hill;40.6858;-73.9828;Entire home/apt;120;3;232;2019-06-22;2.41;1;221;Brooklyn
141335;Architect's Brownstone;687361;Orna;Park Slope;40.67535;-73.97654;Entire home/apt;495;1;35;2018-01-13;0.41;1;355;Brooklyn
141890;LUXURY SOHO 2 Bedroom Apt ;689661;Allison;Nolita;40.72255;-73.99346;Entire home/apt;375;3;18;2013-10-01;0.21;1;0;Manhattan
141984;Charming Nolita Apartment!!;630453;Vanessa;Nolita;40.72094;-73.99706;Entire home/apt;175;3;68;2019-06-10;0.69;1;277;Manhattan
144087;LUXURY OF THE HORIZON;616825;Rinaldo;Harlem;40.80473;-73.9532;Entire home/apt;259;8;17;2019-05-18;0.17;1;343;Manhattan
144148;1 Bdrm in 4 Bdrm dupelx/roof deck;299755;Jonathan;East Village;40.72217;-73.98419;Private room;96;1;34;2016-01-05;0.58;1;0;Manhattan
145064;The Heart of Prime Williamsburg;404424;Oliver;Williamsburg;40.71943;-73.9565;Entire home/apt;145;7;8;2014-06-06;0.08;1;0;Brooklyn
145994;Cozy 2 Bedroom with Private Garden;706418;Carolyn;Upper West Side;40.79264000000001;-73.97294000000002;Entire home/apt;95;5;2;2018-07-06;0.08;1;0;Manhattan
146754;Three-bedroom house in a quiet neighborhood;709434;Meighan;Windsor Terrace;40.65749;-73.97675;Entire home/apt;250;4;52;2019-04-27;0.72;1;188;Brooklyn
147586;Beautiful Duplex w/Private Garden;709334;Julie;Harlem;40.80474;-73.94688000000002;Entire home/apt;295;2;74;2019-06-16;0.76;2;264;Manhattan
148201;NYC - Sunny Greenwich Village 1br;715807;John;Greenwich Village;40.72831;-74.00177;Entire home/apt;175;3;18;2013-05-31;0.19;1;0;Manhattan
148259;Garage Designer Loft;716064;Mihalis;Williamsburg;40.71541;-73.94144;Entire home/apt;451;2;72;2019-05-11;0.86;1;331;Brooklyn
148825;Best City Area Columbia U Upper West Side C Park;718349;B.;Upper West Side;40.79765;-73.96245;Entire home/apt;165;2;191;2019-06-29;2.18;1;236;Manhattan
150804;Lower East Side 2 Bed Apt.;726333;Peter;Lower East Side;40.72008;-73.98404000000002;Entire home/apt;250;4;19;2019-07-06;0.2;1;0;Manhattan
151199;Astoria-Private Home NYC-;722320;Gladys & Bob;Astoria;40.75725;-73.91098000000002;Entire home/apt;129;1;414;2019-07-03;4.34;1;245;Queens
152078;CHARMING PRIVATE BEDROOM EAST VILLAGE;731904;Ewelina;East Village;40.72674;-73.9782;Private room;95;7;25;2019-02-12;0.3;1;359;Manhattan
152259;City Room - Semi Private Bedroom;256161;Wayne;Harlem;40.81156;-73.94570999999998;Private room;55;3;119;2019-05-28;1.22;5;333;Manhattan
152263;Cozy apartment in a brownstone;732535;William;Harlem;40.80497;-73.95016;Entire home/apt;300;2;203;2019-07-06;2.14;3;258;Manhattan
152520;Female Only Clean15min to Manhattan;733894;Lucy;Sunnyside;40.7385;-73.91806;Private room;42;40;53;2018-11-16;0.55;3;236;Queens
153405;Greenpoint Spacious Loft;737585;Pat;Greenpoint;40.72937;-73.95671;Entire home/apt;125;2;104;2019-06-16;1.09;1;22;Brooklyn
153780;Private E. Village Townhouse Stay;739499;Donna;East Village;40.72587;-73.98438;Private room;175;3;175;2019-06-28;1.8;1;236;Manhattan
154934;Harlem/Hamilton Heights Cozy Room;745069;Kimberly;Harlem;40.82426;-73.9463;Private room;75;3;38;2018-05-08;0.42;3;365;Manhattan
155296;Incredible Prime Williamsburg Loft!;656841;Meredith;Williamsburg;40.71624;-73.96271999999998;Entire home/apt;255;45;39;2019-05-02;0.5;1;89;Brooklyn
157673;Large  Loft Style  Studio  Space;757166;Tokunbo;Bedford-Stuyvesant;40.68101;-73.94081;Entire home/apt;72;31;88;2019-06-16;0.91;1;164;Brooklyn
158061;Hancock Town House!-Stuyvesant Mews;758441;Fred;Bedford-Stuyvesant;40.68669000000001;-73.91989000000002;Private room;165;1;27;2017-10-08;0.28;4;311;Brooklyn
158176;Entire Apt in Heart of Williamsburg;573065;Laura;Williamsburg;40.71534000000001;-73.95914;Entire home/apt;165;5;117;2019-06-29;1.28;1;23;Brooklyn
158290;Clinton Hill + Free Coffee = #smile;759583;Pepe;Clinton Hill;40.68288;-73.96024;Private room;75;3;43;2019-05-20;0.44;2;365;Brooklyn
158955;PRIVATE and SUNNY Williamsburg Apt!;465589;Amia;Williamsburg;40.70867;-73.94284;Entire home/apt;139;2;385;2019-06-29;4.0;1;222;Brooklyn
159749;Purple Room for 2/3 in brownstone $1450 per month;54275;JT And Tiziana;Bedford-Stuyvesant;40.67963;-73.93908;Private room;88;1;64;2019-07-01;0.68;3;238;Brooklyn
159815;Red Room for two in Brownstone for $1355/mo;54275;JT And Tiziana;Bedford-Stuyvesant;40.6798;-73.93908;Private room;80;1;39;2019-06-24;0.41;3;218;Brooklyn
160609;LOCATION LOCATION LOCATION UWS 60's;769247;Ligia;Upper West Side;40.77724;-73.98109000000002;Entire home/apt;200;3;10;2019-01-01;0.12;1;0;Manhattan
160994;In the heart of East Village;770831;James;East Village;40.72972;-73.97995;Entire home/apt;200;2;103;2019-06-24;1.08;1;235;Manhattan
161366;Sunny 15min to Manhattan LADY only;733894;Lucy;Sunnyside;40.74102;-73.91681;Private room;42;40;41;2019-06-01;0.43;3;246;Queens
161394;Surfer room 15mins to downtown NYC!;772300;Alain;Williamsburg;40.71309;-73.94128;Private room;90;6;3;2014-08-31;0.03;1;0;Brooklyn
"161996;Manhattan Penthouse-Max.12 guests;1856604;""Robert """"Bob"""""";Harlem;40.83096;-73.94633;Entire home/apt;295;3;227;2019-06-26;2.33;1;247;Manhattan"
162493;Prime Williamsburg 3 BR with Deck;776490;Andres;Williamsburg;40.71323;-73.95745;Entire home/apt;450;5;37;2018-12-27;0.79;1;15;Brooklyn
162508;Beautiful Brooklyn Oasis ;776645;Placid;Crown Heights;40.67212;-73.9506;Entire home/apt;130;2;29;2019-06-28;0.35;1;119;Brooklyn
163627;Blue Room in Awesome Artist's Apartment!;242506;Jsun;Williamsburg;40.71023;-73.96665;Private room;89;3;205;2017-12-31;2.31;3;0;Brooklyn
163809;Cool & Spacious Harlem Artist Flat;781647;Jorin;Harlem;40.80523;-73.95139;Entire home/apt;198;5;42;2019-06-03;0.44;2;234;Manhattan
163814;☆ STUDIO East Village ☆ Own bath! ☆ Sleeps 4 ☆;627217;Seith;East Village;40.72636;-73.98917;Entire home/apt;99;2;280;2019-07-05;2.92;3;257;Manhattan
163836;Greenpoint Loft / Le Chez Andrea;32169;Andrea;Greenpoint;40.72185;-73.93956;Private room;46;4;86;2019-06-08;0.89;3;350;Brooklyn
165080;Amazing Brownstone in Best Brooklyn;787273;Smadar;Carroll Gardens;40.6809;-73.99233000000002;Entire home/apt;500;7;7;2018-08-29;0.07;1;0;Brooklyn
165461;Couldn't Be Closer To Columbia Uni2;867225;Rahul;Morningside Heights;40.80525;-73.95916;Private room;75;5;57;2019-01-01;0.59;2;201;Manhattan
165824;Lady only Curtain-divided room;733894;Lucy;Sunnyside;40.74;-73.91901;Private room;33;44;31;2019-05-01;0.32;3;161;Queens
166006;Nice Manhattan Apt Near Central Park and Subway;791287;Giancarlo;Upper West Side;40.80006;-73.96049000000002;Entire home/apt;250;31;188;2018-08-23;1.94;1;259;Manhattan
166172;LG Private Room/Family Friendly;792159;Wanda;Bushwick;40.70283;-73.92130999999998;Private room;60;3;480;2019-07-07;6.7;1;0;Brooklyn
166541;Spacious Quiet rm - 20mins to Midtown;793620;Yvette;Washington Heights;40.84468;-73.94303000000002;Private room;75;2;34;2019-06-15;0.35;1;222;Manhattan
167013;Spacious modern studio apartment in Manhattan;306605;Daniel;Chelsea;40.74342;-73.99483000000002;Entire home/apt;205;9;3;2018-05-13;0.04;2;76;Manhattan
167017;Gorgeous Duplex + Garden;795889;Adam;Park Slope;40.67853;-73.98089;Entire home/apt;219;5;2;2014-08-31;0.03;1;0;Brooklyn
167222;CBG# 4Tiny room w/ huge window/AC;22486;Lisel;Park Slope;40.6788;-73.97643000000002;Private room;60;1;20;2018-08-24;0.21;6;258;Brooklyn
167482;Charming upper west side apartment;789257;Barbara;Upper West Side;40.77886;-73.98042;Entire home/apt;185;2;129;2019-06-07;1.33;1;14;Manhattan
168084;Light-filled East Village Delight;800982;Chris;East Village;40.72578;-73.97879;Entire home/apt;190;3;147;2019-06-30;1.6;1;27;Manhattan
168546;Spacious Duplex in Brownstone!;803086;Benton;East Harlem;40.80113;-73.94503;Entire home/apt;250;2;11;2016-01-02;0.12;2;68;Manhattan
168810;Lovely Vintage Haven—Heart of UWS;747698;Linda & Chris;Upper West Side;40.78569;-73.97581;Entire home/apt;175;65;11;2013-10-15;0.12;1;358;Manhattan
169002;Modern Space in Charming Pre-war;805344;Alec;Harlem;40.82411;-73.94934;Private room;65;2;41;2019-06-16;0.43;2;59;Manhattan
169152;Warehouse Loft with Garden view;806112;Julia;Bedford-Stuyvesant;40.68131;-73.95331999999998;Entire home/apt;75;2;87;2017-04-18;1.09;1;0;Brooklyn
169464;Creative Vintage Loft in S. Williamsburg;806774;Ali & SweetPea;Williamsburg;40.70667;-73.96524000000002;Entire home/apt;85;2;86;2019-05-16;0.89;2;15;Brooklyn
170420;The Happy home!;812814;Lena;East Harlem;40.7932;-73.94006999999998;Entire home/apt;79;2;15;2016-02-15;0.16;1;0;Manhattan
171776;Gorgeous 1 bdrm in huge duplex!;803086;Benton;Harlem;40.80224000000001;-73.94558;Private room;170;2;17;2015-10-01;0.18;2;88;Manhattan
172870;Large Quiet Bedroom Near Columbia U;781647;Jorin;Harlem;40.80518;-73.95359;Private room;89;5;43;2018-01-03;0.47;2;247;Manhattan
173072;Cozy Pre-War Harlem Apartment;826192;Lewis;Harlem;40.80827;-73.95329;Shared room;49;3;168;2019-07-06;4.6;1;248;Manhattan
173151;spacious studio;826459;Jane;Greenpoint;40.72901;-73.95812;Private room;91;3;241;2019-06-24;2.49;1;287;Brooklyn
174527;Cozy private family home in Bushwick;833926;Kris;Bushwick;40.69055;-73.92357;Entire home/apt;150;2;11;2018-10-28;0.46;1;0;Brooklyn
174966;Luxury 2Bed/2.5Bath Central Park View;836168;Henry;Upper West Side;40.7735;-73.98697;Entire home/apt;2000;30;30;2018-05-05;0.33;11;0;Manhattan
176135;Cosy Sunny 1brm in Prospect Heights;842125;Jennifer;Crown Heights;40.67505;-73.95969000000002;Entire home/apt;97;3;31;2018-10-23;0.32;1;193;Brooklyn
176653;East Village bedroom w rooftop;844862;Cj;East Village;40.72974;-73.98201;Private room;100;4;49;2019-05-07;0.51;2;43;Manhattan
176962;Williamsburg Home Away From Home!;846309;Dani;Williamsburg;40.70925;-73.95425;Entire home/apt;179;4;23;2019-04-13;0.24;1;25;Brooklyn
177421;Brand New Beautiful Duplex Apartment with Garden;848748;Sarah;Greenpoint;40.72315;-73.95226;Entire home/apt;500;2;20;2019-06-24;0.21;2;127;Brooklyn
177606;SPACIOUS ALCOVE STUDIO/ JUNIOR ONE;849492;Kathrine;Kips Bay;40.74112;-73.97686;Entire home/apt;189;6;90;2019-06-23;0.95;1;303;Manhattan
179670;High-end doorman bldg in the LES;21475;Milan;Lower East Side;40.72019;-73.98217;Private room;120;2;99;2019-06-27;1.04;1;345;Manhattan
179741;Spring & Mulberry 2 Bedroom Apartment;314941;Tony;Nolita;40.72133;-73.99665999999998;Entire home/apt;300;1;6;2019-06-28;0.06;3;115;Manhattan
180507;Ultra Modern NYC Garden Apartment;864735;Jason;Astoria;40.75744;-73.92163000000002;Entire home/apt;107;30;21;2018-12-01;0.22;8;200;Queens
180792;Modern Garden Apartment in NYC;864735;Jason;Astoria;40.75695;-73.9202;Entire home/apt;95;30;24;2019-04-04;0.26;8;271;Queens
181972;Gorgeous Entire Manhattan Townhouse;872121;Rosario;Harlem;40.8296;-73.94651;Entire home/apt;199;2;111;2019-06-02;1.17;1;12;Manhattan
182069;Cozy studio Apartment in Upper East;39260;Mat;East Harlem;40.79056;-73.9468;Entire home/apt;120;2;86;2019-06-20;0.91;1;268;Manhattan
182095;Historic classic central cozy Village clean NYU;872805;Mike;West Village;40.73631;-73.99977;Entire home/apt;199;15;66;2019-04-29;0.69;2;89;Manhattan
182649;Williamsburg bedroom by Bedford Ave;876054;Obed;Williamsburg;40.71312;-73.96199;Private room;70;2;227;2019-06-18;2.4;1;37;Brooklyn
185266;Clean and bright with a comfortable atmosphere;889106;Lisa;Williamsburg;40.71297;-73.94336;Private room;75;4;80;2019-07-06;1.55;1;0;Brooklyn
187488;WEST VILLAGE LRG CLEAN SUNNY PRIVATE BDRM;871727;Village;West Village;40.73712;-74.00166;Private room;100;30;5;2018-12-03;0.07;1;359;Manhattan
187566;Historic Brooklyn Studio Apartment;279078;Andrew & Markus;Bedford-Stuyvesant;40.69242;-73.95097;Entire home/apt;99;2;187;2019-06-10;1.97;2;287;Brooklyn
187986;Comfort at Crossroads of Downtown;904833;Daniel;Chelsea;40.73862;-73.99758;Entire home/apt;250;1;2;2015-08-28;0.02;1;0;Manhattan
"188146;""""""The Oasis"""" on Bedford Williamsburg"";906200;Mariana;Williamsburg;40.7158;-73.95803000000002;Entire home/apt;350;6;1;2016-01-01;0.02;1;233;Brooklyn"
188674;UNION SQUARE/ E. VILL 1BR BEAUTIFUL;909234;Leslie;East Village;40.73217;-73.98801;Entire home/apt;165;1;63;2018-01-12;0.68;1;0;Manhattan
189135;Hell's Kitchen Funky 80's Hideaway!;179020;Michael;Hell's Kitchen;40.76311;-73.99388;Private room;99;1;89;2019-07-01;1.0;1;353;Manhattan
189181;Room in Chic Modern High Line Luxury- New!;912541;David;Chelsea;40.74695;-74.00454;Private room;255;4;1;2014-04-20;0.02;1;365;Manhattan
189732;Family & Friends in New York City;489400;O'Dell;East New York;40.67497;-73.87305;Entire home/apt;169;3;177;2019-06-29;1.86;1;297;Brooklyn
189787;Spacious & Comfy BK Brownstone;915640;Sundiata;Crown Heights;40.66788;-73.94813;Entire home/apt;99;4;90;2019-06-30;0.94;1;56;Brooklyn
190267;Large Luxury Upper East Side Studio;918866;Marina;Upper East Side;40.76684;-73.95944;Entire home/apt;169;7;39;2019-07-07;0.41;1;44;Manhattan
190542;Chateau Style Brooklyn Loft for Singles or Couples;920542;Farrah;Bedford-Stuyvesant;40.68967;-73.95445;Entire home/apt;160;3;42;2019-05-18;0.44;1;355;Brooklyn
190968;Lovely Brooklyn Brownstone 1BR!;922922;Karen;Prospect Heights;40.67946;-73.96500999999998;Entire home/apt;215;3;33;2019-05-08;0.35;1;156;Brooklyn
190974;Beautiful Grdn. Apt. in Park Slope;874471;Alan;Park Slope;40.66944;-73.98083000000003;Entire home/apt;130;3;179;2019-05-29;2.02;1;273;Brooklyn
191075;Sun-drenched East Village Penthouse;923915;Matthew;East Village;40.72566;-73.97748;Private room;110;3;81;2019-03-28;0.85;2;274;Manhattan
193105;Columbus Circle Luxury Bldg - Private Room&Bath;936114;Marcela;Hell's Kitchen;40.7709;-73.99181;Private room;150;28;43;2019-06-29;0.45;2;258;Manhattan
193333;Bright Private Bedroom in Williamsburg (Bedford L);302936;Melody;Williamsburg;40.71943;-73.95958;Private room;65;30;52;2018-10-31;0.54;1;276;Brooklyn
193853;Quiet Chelsea Studio w/Charm;48599;Anastasia;Chelsea;40.74033;-74.00024;Entire home/apt;149;6;23;2018-05-21;0.27;2;0;Manhattan
194154;Large Room Overlooking Central Park;936830;Elina;Upper West Side;40.7969;-73.96128;Private room;89;6;35;2017-06-18;0.37;1;180;Manhattan
195233;Hospitality on Propsect Pk-12 yrs Hosting Legally!;949221;Dennis;Prospect-Lefferts Gardens;40.65513;-73.95640999999998;Private room;43;1;401;2019-07-04;6.62;2;43;Brooklyn
195578;Loft Style Apt in Williamsburg;304493;Erika;Williamsburg;40.70275;-73.94501;Private room;85;1;46;2018-12-30;0.97;1;59;Brooklyn
195971;2 Beds over Bed-Stuy;953279;Tim;Bedford-Stuyvesant;40.68897;-73.93569000000002;Entire home/apt;139;3;83;2019-06-23;1.19;1;255;Brooklyn
196010;Huge Bklyn Loft w Private Roofdeck;953565;Vanessa;Park Slope;40.67595;-73.98053;Entire home/apt;265;5;15;2015-06-14;0.16;1;0;Brooklyn
197155;Quiet Jr Alcove Near Times Square!;960836;Vlad;Hell's Kitchen;40.76415;-73.99067;Entire home/apt;149;1;122;2019-06-23;1.29;1;20;Manhattan
197753;Large room in elevator drman bldg;964482;Colin;Harlem;40.83127;-73.94718;Private room;68;2;295;2019-06-12;3.9;2;188;Manhattan
199195;Modern Bedroom in Hamilton Heights;971075;Jabari;Harlem;40.82922;-73.94174;Private room;75;3;50;2019-03-30;0.65;2;38;Manhattan
199312;Sunny Space in Williamsburg;973438;Susanne;Williamsburg;40.71137;-73.94362;Private room;100;2;273;2019-06-24;2.85;1;254;Brooklyn
200955;STYLISH EAST VILLAGE FLAT;568325;Simone;East Village;40.73089;-73.98195;Entire home/apt;160;30;25;2018-04-30;0.26;1;46;Manhattan
201992;Serene Park Slope Garden Apartment;988350;Andrea;Park Slope;40.6755;-73.97859;Entire home/apt;190;4;105;2019-05-11;1.62;1;328;Brooklyn
202273;Cozy and spacious - rare for NYC!;918087;Kestrel;Bedford-Stuyvesant;40.68812;-73.94934;Private room;67;4;72;2016-12-26;0.76;3;0;Brooklyn
203901;Beautiful UES apartment;1000477;Elizabeth;Upper East Side;40.7694;-73.9572;Entire home/apt;190;1;8;2016-09-18;0.08;1;0;Manhattan
204065;St. James Pl Garden Studio 1block to PRATT &Gtrain;51038;Erica;Clinton Hill;40.68634;-73.96161;Entire home/apt;248;2;58;2019-06-04;0.61;6;199;Brooklyn
204959;Comfortable. Spacious. Private Room.;464506;Ange;Chinatown;40.713;-73.99752;Private room;95;3;172;2019-07-02;1.84;2;64;Manhattan
205043;Modern Condo in Midtown;1007558;Welcome To My Place;Theater District;40.75895;-73.9883;Private room;150;1;330;2019-06-20;7.14;1;111;Manhattan
205485;Ideal Brooklyn Brownstone Apartment;1010242;Zora & Chris;Bedford-Stuyvesant;40.68186;-73.94113;Entire home/apt;145;3;123;2019-06-11;1.29;1;287;Brooklyn
205867;Private Entrance - Private Parking;1012691;Tiffaney;Williamsburg;40.71893;-73.9428;Entire home/apt;120;4;87;2019-07-03;0.99;1;263;Brooklyn
206772;Williamsburg Exposed Brick Loft;1017473;Evan;Williamsburg;40.71413;-73.96596;Entire home/apt;195;14;31;2019-05-26;0.33;1;263;Brooklyn
206957;Bright Modern Charming Housebarge;1018472;Angus;Sheepshead Bay;40.58422;-73.94079;Entire home/apt;70;4;128;2016-11-15;1.34;2;90;Brooklyn
208148;Central Bedford Avenue Apartment;1024355;Martina;Williamsburg;40.71973;-73.95581999999997;Entire home/apt;185;3;14;2015-08-31;0.15;1;0;Brooklyn
208889;Welcome to Brooklyn! Bed-Stuy;1029021;Jameelah;Bedford-Stuyvesant;40.69025;-73.93323000000002;Entire home/apt;145;3;30;2019-06-24;0.32;3;11;Brooklyn
209310;Sunnyside NYC/ AC room/ city views/ near Midtown;1031148;Iulia;Sunnyside;40.73826;-73.92458;Private room;50;28;258;2019-05-28;2.9;1;287;Queens
211078;Greenpoint Waterfront Loft;306739;Maya;Greenpoint;40.73049;-73.96115;Entire home/apt;185;3;228;2018-04-25;2.39;3;1;Brooklyn
211974;East Village House -- Unique!;272730;Goldi;East Village;40.72956;-73.97903000000002;Entire home/apt;250;1;60;2019-07-01;0.65;1;0;Manhattan
212109;2-bedroom share in heart of Greenwich Village!;666271;Susan;West Village;40.73854;-74.00820999999998;Private room;80;90;9;2019-06-30;0.2;1;338;Manhattan
212178;1 Bedroom Pre War apt;1094178;Jeremy;Theater District;40.75877;-73.98863;Entire home/apt;230;2;179;2019-06-19;1.88;1;44;Manhattan
212544;Quiet One Bedroom in Park Slope;1096084;Daniel;Gowanus;40.67688;-73.9859;Entire home/apt;100;7;9;2016-06-23;0.1;1;0;Brooklyn
213272;CreaTive Live-In Artspace/Birdsnest;293130;Meli;Bushwick;40.70051;-73.92204;Private room;40;1;1;2019-04-21;0.37;1;5;Brooklyn
213330;RARE Penthouse Oasis featured on DesignSponge;800223;Nader;Lower East Side;40.71712;-73.98898;Private room;200;30;25;2018-08-29;0.49;1;0;Manhattan
214917;New Clean Spacious Bed & Breakfast;1109658;Carmel;Emerson Hill;40.60742;-74.14388000000002;Private room;80;2;2;2018-02-08;0.05;1;158;Staten Island
215784;Modern Unique Studio in NYC;864735;Jason;Long Island City;40.75627;-73.9211;Entire home/apt;95;30;24;2019-03-31;0.25;8;358;Queens
218358;Your Haven in the Upper West Side;1129218;Orlando;Harlem;40.8078;-73.95208000000002;Private room;80;7;19;2019-06-03;0.35;1;285;Manhattan
219482;A Cozy Brooklyn Hideaway;759583;Pepe;Clinton Hill;40.68275;-73.96148000000002;Entire home/apt;172;4;8;2017-10-14;0.09;2;189;Brooklyn
219793;✿✿✿ COUNTRY COTTAGE IN THE CITY✿✿✿;1138692;Keera (Jena);Lower East Side;40.71813;-73.98416;Entire home/apt;199;1;29;2015-06-03;0.31;2;162;Manhattan
219818;✿✿✿ COUNTRY COTTAGE IN THE CITY✿✿✿;1138692;Keera (Jena);Lower East Side;40.71892;-73.98401;Entire home/apt;199;1;14;2015-07-20;0.15;2;158;Manhattan
220351;THE BEST DEAL ON THE HUDSON RIVER!!;921500;Boubacar And Pattee;Harlem;40.82748;-73.95153;Private room;55;4;99;2019-02-28;1.04;1;260;Manhattan
220563;Lovely HUGE Master Bed + Study;918087;Kestrel;Bedford-Stuyvesant;40.68634;-73.95088;Private room;75;3;59;2017-01-05;0.62;3;0;Brooklyn
220946;Newly Reno’d Chic Quiet Exec 1BR;1144415;Lisa;East Village;40.72229;-73.97901;Entire home/apt;146;3;142;2019-06-16;1.5;1;166;Manhattan
221097;Large Artist Floorthru- Greenpoint;1146744;Deborah;Greenpoint;40.72595;-73.95298000000003;Entire home/apt;116;29;22;2019-03-15;0.23;1;335;Brooklyn
221618;Gorgeous PermaGO Private Room in FiDi - 1/2;4887492;Gershwyn;Tribeca;40.71193;-74.00816999999998;Private room;150;3;82;2019-05-21;0.87;2;90;Manhattan
222054;CBG Helps Haiti Rm #3;22486;Lisel;Park Slope;40.68012;-73.97847;Private room;120;2;23;2018-09-15;0.24;6;342;Brooklyn
222304;BEST DEAL IN CHELSEA 1 bdrm NYC;1153993;Anton;Chelsea;40.74233;-73.99865;Entire home/apt;199;4;32;2019-05-08;0.34;1;28;Manhattan
223930;Lovely Apartment;1164642;Rosalynn;Prospect Heights;40.67424000000001;-73.96665;Entire home/apt;150;5;24;2019-06-23;0.25;1;363;Brooklyn
224004;Artsy Loft-like Harlem Apartment;1165231;Deirdre;Harlem;40.80486;-73.95298000000003;Private room;69;1;59;2018-10-26;0.63;2;86;Manhattan
224006;Harlem/Manhattan Classic Apartment;1165231;Deirdre;Harlem;40.80307;-73.95048;Private room;300;55;6;2015-01-02;0.08;2;83;Manhattan
225297;Quiet sunny studio Midtown;1173599;Gaya;Midtown;40.74267;-73.98569;Entire home/apt;125;4;3;2018-12-26;0.03;1;0;Manhattan
225306;Charming room in Victorian home;1112560;Mary;Bedford-Stuyvesant;40.68749;-73.95494000000002;Private room;79;3;115;2019-07-05;1.21;3;264;Brooklyn
225887;Brooklyn B & B close to Manhattan;663879;Christopher;Fort Greene;40.68645;-73.97538;Private room;130;3;154;2019-06-19;1.63;2;305;Brooklyn
225926;The Notorious B.N.B. { The Erhart };1177497;Jessica;Clinton Hill;40.68999;-73.96710999999998;Private room;239;1;164;2019-07-01;1.73;11;356;Brooklyn
225976;Sunny cozy multileveled apartment!;1177947;Marina;Shore Acres;40.61077;-74.06824;Entire home/apt;75;6;76;2019-06-13;0.8;1;278;Staten Island
226021;Sunny 2 bedroom Williamsburg Duplex w/ 3 beds;815977;Ryan;Williamsburg;40.71126;-73.94575999999998;Entire home/apt;220;3;116;2019-06-30;1.23;2;135;Brooklyn
227715;ROOM WITH KITCHENETTE #2;209460;Marylyn;Bedford-Stuyvesant;40.67855;-73.94949;Entire home/apt;80;3;234;2019-06-30;2.47;4;308;Brooklyn
227735;Alpha-Bet City entire floor large cool 2br -L.E.S;1187935;Daniel;East Village;40.72416;-73.9853;Entire home/apt;288;2;120;2019-06-24;1.27;1;229;Manhattan
"228317;""Your Haven Awaits At """"Emma's Place"""""";1191142;Lady Jay;Bedford-Stuyvesant;40.68516;-73.92520999999998;Entire home/apt;135;4;82;2019-05-18;0.87;1;273;Brooklyn"
228517;Great Bedroom in Downtown Manhattan;1192610;Raven;Chinatown;40.71611;-73.99828000000002;Private room;110;30;59;2019-06-24;0.64;1;281;Manhattan
228925;Beautiful Brownstone;1194377;Marceline;Bedford-Stuyvesant;40.67964;-73.93946;Entire home/apt;100;7;63;2019-06-26;1.87;1;321;Brooklyn
228979;1BDR - Hell's Kitchen Hideaway;1190088;Tim;Hell's Kitchen;40.76189;-73.99;Private room;130;2;52;2018-08-14;0.55;1;303;Manhattan
229367;COMFY ROOM/COFFEE AND BAGEL/WEEKLY DISCOUNT;1097545;Carol;East Village;40.72645;-73.98035;Private room;89;1;278;2019-07-03;2.95;3;192;Manhattan
229874;Oversized Studio in Park Slope;507304;Derrick;Sunset Park;40.66293;-73.99833000000002;Entire home/apt;200;5;1;2012-01-02;0.01;1;0;Brooklyn
230321;Apt with EmpireState view-Subway around the corner;1203500;Civan;Bedford-Stuyvesant;40.69046;-73.95167;Entire home/apt;80;2;35;2019-06-09;0.4;1;36;Brooklyn
230877;Monthly Apartment Rental;292204;Blanca;East Harlem;40.79239000000001;-73.94535;Entire home/apt;135;28;115;2019-06-30;1.21;2;341;Manhattan
230956;Wonderfully inviting East Village;1207399;Mark;East Village;40.72709;-73.98274;Private room;90;1;109;2015-10-02;1.15;1;333;Manhattan
231414;TURQUOISE: One-Bedroom Apt. in Soho;1184442;Roberto;SoHo;40.72599;-74.00168000000002;Private room;270;5;1;2013-07-09;0.01;1;210;Manhattan
233189;NYC Studio in Heart of Times Square;1220414;Michael;Hell's Kitchen;40.76166;-73.99675;Entire home/apt;179;30;83;2019-05-31;0.88;1;292;Manhattan
233638;rooms for rent in Queens with piano;1012895;Melody;Ridgewood;40.70163;-73.90867;Private room;55;1;19;2018-07-31;0.25;1;311;Queens
233662;Large Sunny Luxe Prvt Room/Midtown;1223568;Tiffany;Midtown;40.75575;-73.96842;Private room;110;2;61;2019-05-18;0.65;1;264;Manhattan
234184;Spacious Stunning Harlem Townhouse;902054;William;Harlem;40.80903;-73.94197;Entire home/apt;325;5;89;2019-06-30;0.94;1;153;Manhattan
234870;Private Room With GREAT Location;1229984;John;Long Island City;40.74581;-73.95295;Private room;75;30;65;2017-07-31;0.74;3;219;Queens
235552;HUGE Sunny Duplex Loft with Garden;1234405;Bertie;South Slope;40.66414;-73.98574;Entire home/apt;300;1;40;2019-06-16;0.44;1;0;Brooklyn
235651;LARGE ARTSY Room w/ Loft Bed 4 DOOGLERS!;83257;Olan;West Village;40.74;-74.00381;Private room;130;30;80;2019-04-26;0.86;2;332;Manhattan
235951;Stylish Studio with exclusive Terrace;1236070;Dan;Midtown;40.75348;-73.97065;Entire home/apt;190;30;136;2019-06-19;1.45;1;120;Manhattan
237127;LOCATION LOCATION LOCATION Liz's;1146958;Liz;Kips Bay;40.73833;-73.98186;Entire home/apt;195;30;139;2019-04-28;1.59;4;325;Manhattan
239055;Nolita Penthouse_Private Deck_Elev_;65064;Ashley & Nir;Chinatown;40.71892;-73.99628;Entire home/apt;300;7;2;2014-10-06;0.03;1;0;Manhattan
239733;Astoria Garden Suite;1256874;Nancy;Ditmars Steinway;40.77679000000001;-73.91686999999997;Entire home/apt;75;28;49;2019-06-26;0.53;1;313;Queens
239766;Lower East Side/Chinatown 1 Bedroom;1257309;Austin;Lower East Side;40.71693;-73.98948;Entire home/apt;100;5;8;2018-05-18;0.11;1;0;Manhattan
239883;Private Room in Fort Green BK close to city;136962;Li;Fort Greene;40.68501;-73.97019;Private room;85;5;124;2019-05-25;1.32;1;69;Brooklyn
239899;Spacious & Charming by Prospect Pk;1258363;Todd;Prospect-Lefferts Gardens;40.66068;-73.96003;Entire home/apt;80;21;5;2018-12-19;0.12;1;0;Brooklyn
240800;Private Room Near Brooklyn Museum ;1263176;Joseph;Prospect Heights;40.67722;-73.96542;Private room;55;1;147;2019-06-30;1.57;1;293;Brooklyn
241140;The Notorious B.N.B. { The Wallace };1177497;Jessica;Clinton Hill;40.68975;-73.96703000000002;Private room;438;1;43;2019-04-14;0.46;11;363;Brooklyn
241159;Clinton Hill 1 Bed Bright Loft Apartment;1264655;Ruari;Bedford-Stuyvesant;40.69221;-73.95866;Entire home/apt;110;6;8;2019-01-03;0.33;1;4;Brooklyn
241862;Great Studio in W. Village - NYC!;1269455;Mike;West Village;40.72969000000001;-74.00635;Entire home/apt;200;2;37;2019-01-02;0.39;1;257;Manhattan
242532;The Notorious B.N.B. { The Swoon };1177497;Jessica;Clinton Hill;40.6893;-73.96602;Private room;279;1;120;2019-06-19;1.28;11;362;Brooklyn
243229;2BR  Apt - 20min to Soho;1276497;Alon;Bedford-Stuyvesant;40.68016;-73.94878;Entire home/apt;280;3;5;2017-07-09;0.05;1;365;Brooklyn
243708;Williamsburg  - Quiet and Comfy stay;288711;Andy;Williamsburg;40.70875;-73.95508000000002;Entire home/apt;199;30;242;2019-04-01;2.59;1;102;Brooklyn
245504;One Fabulous Private Room;714200;Baron;Inwood;40.85888;-73.92886;Private room;71;4;229;2019-06-21;2.45;1;26;Manhattan
245574;Brooklyn Brownstone apartment;1288460;Al-;Bedford-Stuyvesant;40.6889;-73.95383000000002;Entire home/apt;180;2;181;2019-06-05;1.92;1;280;Brooklyn
245607;big 1 bedroom apt very central;825022;Jaidev;Chelsea;40.75127;-73.99637;Entire home/apt;226;5;34;2019-07-01;0.39;1;302;Manhattan
246916;Quality Cozy Studio Next to Subway;3647;Rafael;Elmhurst;40.7347;-73.88065999999998;Entire home/apt;79;4;60;2019-06-25;0.64;2;297;Queens
246938;Scandinavian-apt for up to 5. LES;936630;Jens;Lower East Side;40.71876;-73.98850999999998;Entire home/apt;154;1;238;2019-06-23;2.59;1;246;Manhattan
248865;Loft Suite @ Box House Hotel;417504;The Box House Hotel;Greenpoint;40.73787;-73.95385;Entire home/apt;199;3;34;2019-04-22;0.37;28;60;Brooklyn
248871;4 BEDROOM -2BATHRM WEST VILLAGE DUPLEX  TOWNHOUSE;605463;West Village;West Village;40.73066;-74.00287;Entire home/apt;700;3;131;2019-06-24;1.4;4;296;Manhattan
249414;Large & bright 900ft² 1br in WV;1306587;Andy;West Village;40.73291;-74.00059;Entire home/apt;246;4;6;2017-06-28;0.16;1;0;Manhattan
249618;At a very nice area in the WestSide;1307773;Karina;Washington Heights;40.85099;-73.92822;Private room;125;60;4;2015-07-03;0.06;1;364;Manhattan
249867;HANCOCK VERY SMALL ROOM;758441;Fred;Bedford-Stuyvesant;40.68707;-73.91918000000003;Private room;100;1;7;2018-10-07;0.08;4;281;Brooklyn
250259;Pre-War Williamsburg Loft;1311398;Ben;Williamsburg;40.7184;-73.96019;Entire home/apt;295;5;125;2019-07-07;3.04;1;0;Brooklyn
250323;SPACIOUS PRIVATE LITTLE ITALY FLAT;1311870;Christy;Chinatown;40.71582;-73.99902;Entire home/apt;119;1;49;2014-12-03;0.58;1;0;Manhattan
250536;The Lenox in Harlem;1313306;Yvette;Harlem;40.81068;-73.94288;Private room;125;1;11;2017-09-25;0.12;2;365;Manhattan
250801; Heart & Soul of Greenwich Village ;1314834;Rhona;Greenwich Village;40.73129;-73.99944;Entire home/apt;850;3;107;2019-05-23;1.15;1;249;Manhattan
251262;Prime Williamsburg Loft off Bedford;1278802;Anne;Williamsburg;40.71628;-73.95737;Private room;129;2;241;2019-06-29;2.6;1;303;Brooklyn
251277;Private Bdrm /Bath 1 block Ctrl Prk;1317343;Carol;Upper West Side;40.78558;-73.9726;Private room;140;1;176;2019-06-29;1.89;1;300;Manhattan
252076;+Highly Satisfactory LES dwelling++;297769;Tunji;Chinatown;40.7146;-73.991;Private room;115;4;151;2019-06-16;1.63;2;323;Manhattan
252607;Whole apartment / 2 bedroom in NYC;1325961;Chris;East Harlem;40.79493;-73.94462;Entire home/apt;200;3;49;2018-08-09;0.53;2;0;Manhattan
253466;Loft Suite @ The Box House Hotel;417504;The Box House Hotel;Greenpoint;40.73693;-73.95284000000002;Entire home/apt;199;3;33;2019-06-24;0.47;28;60;Brooklyn
253471;Loft Suite @ The Box House Hotel;417504;The Box House Hotel;Greenpoint;40.73641;-73.9533;Entire home/apt;199;3;24;2018-11-06;0.32;28;84;Brooklyn
253475;Loft Suite @ The Box House Hotel;417504;The Box House Hotel;Greenpoint;40.73794;-73.95254;Entire home/apt;199;3;59;2019-06-24;0.66;28;60;Brooklyn
253548;Well Kept  Private Room around  Brighton  Beach;1331493;Olia;Brighton Beach;40.58147;-73.96726;Private room;69;1;2;2015-06-25;0.04;1;303;Brooklyn
253590;Large 1 Bedroom furnished on UWS;1331850;G;Upper West Side;40.79771;-73.96323000000002;Entire home/apt;185;2;16;2019-06-28;0.23;1;261;Manhattan
253623;Chez Carine - Privacy in Manhattan;1332108;Cici;Harlem;40.81512;-73.94691999999998;Private room;81;2;72;2018-11-26;0.77;1;0;Manhattan
253800;Loft Suite @ Box House Hotel;417504;The Box House Hotel;Greenpoint;40.7373;-73.95323;Entire home/apt;199;3;24;2019-04-25;0.26;28;60;Brooklyn
253803;Loft Suite @ The Box House Hotel;417504;The Box House Hotel;Greenpoint;40.73708;-73.95271;Entire home/apt;199;3;23;2019-06-22;0.26;28;60;Brooklyn
253806;Loft Suite @ The Box House Hotel;417504;The Box House Hotel;Greenpoint;40.73652;-73.95236;Entire home/apt;199;3;43;2019-07-02;0.47;28;60;Brooklyn
253811;Loft Suite @ The Box House Hotel;417504;The Box House Hotel;Greenpoint;40.73693;-73.95316;Entire home/apt;199;3;30;2019-07-03;0.32;28;56;Brooklyn
253815;Loft Suite @ The Box House Hotel;417504;The Box House Hotel;Greenpoint;40.73784000000001;-73.95324000000002;Entire home/apt;199;3;39;2019-06-29;0.44;28;84;Brooklyn
253828;Duplex w/ Terrace @ Box House Hotel;417504;The Box House Hotel;Greenpoint;40.73674000000001;-73.95246999999998;Private room;349;3;8;2018-07-26;0.09;28;58;Brooklyn
253839;Loft w/ Terrace @ Box House Hotel;417504;The Box House Hotel;Greenpoint;40.73783;-73.95259;Private room;249;3;3;2015-11-03;0.03;28;60;Brooklyn
253842;1 BR w/ Terrace @ Box House Hotel;417504;The Box House Hotel;Greenpoint;40.73714;-73.95296;Private room;299;3;6;2018-04-19;0.1;28;60;Brooklyn
253846;Superior @ Box House;417504;The Box House Hotel;Greenpoint;40.73731;-73.9545;Private room;179;3;4;2015-12-04;0.05;28;81;Brooklyn
254168;2 BR Duplex @ Box House Hotel;417504;The Box House Hotel;Greenpoint;40.73793;-73.95316;Private room;599;3;7;2018-11-16;0.08;28;60;Brooklyn
254409;Husband & Wife Art-Filled Apartment;1336542;Stephanie;Clinton Hill;40.68197;-73.96549;Entire home/apt;110;1;2;2014-01-13;0.03;1;0;Brooklyn
